Benchmark,Mode,Threads,Samples,Score,Score Error (99.9%),Unit,Param: modelsPathName,Param: numConflicts,Param: numElems
org.eclipse.epsilon.peacemaker.benchmarks.BoxesBenchmarks.EMFCompare,avgt,1,10,6.120405,0.458628,ms/op,UpdateDeleteBox1,10,1000
org.eclipse.epsilon.peacemaker.benchmarks.BoxesBenchmarks.EMFCompare,avgt,1,10,12.883009,1.488832,ms/op,UpdateDeleteBox1,10,2000
org.eclipse.epsilon.peacemaker.benchmarks.BoxesBenchmarks.EMFCompare,avgt,1,10,33.119554,0.629960,ms/op,UpdateDeleteBox1,10,5000
org.eclipse.epsilon.peacemaker.benchmarks.BoxesBenchmarks.EMFCompare,avgt,1,10,67.489280,1.365282,ms/op,UpdateDeleteBox1,10,10000
org.eclipse.epsilon.peacemaker.benchmarks.BoxesBenchmarks.EMFCompare,avgt,1,10,91.661833,1.539648,ms/op,UpdateDeleteBox1,10,15000
org.eclipse.epsilon.peacemaker.benchmarks.BoxesBenchmarks.EMFCompare,avgt,1,10,197.693409,3.522847,ms/op,UpdateDeleteBox1,10,30000
org.eclipse.epsilon.peacemaker.benchmarks.BoxesBenchmarks.EMFCompare,avgt,1,10,329.940213,10.376599,ms/op,UpdateDeleteBox1,10,50000
org.eclipse.epsilon.peacemaker.benchmarks.BoxesBenchmarks.EMFCompare,avgt,1,10,865.981399,71.405419,ms/op,UpdateDeleteBox1,10,100000
org.eclipse.epsilon.peacemaker.benchmarks.BoxesBenchmarks.EMFCompare,avgt,1,10,1360.331038,141.837930,ms/op,UpdateDeleteBox1,10,150000
org.eclipse.epsilon.peacemaker.benchmarks.BoxesBenchmarks.EMFCompare,avgt,1,10,1980.301247,183.252256,ms/op,UpdateDeleteBox1,10,200000
org.eclipse.epsilon.peacemaker.benchmarks.BoxesBenchmarks.EMFCompare,avgt,1,10,13.675562,0.385836,ms/op,UpdateDeleteBox10,10,1000
org.eclipse.epsilon.peacemaker.benchmarks.BoxesBenchmarks.EMFCompare,avgt,1,10,27.289120,0.533570,ms/op,UpdateDeleteBox10,10,2000
org.eclipse.epsilon.peacemaker.benchmarks.BoxesBenchmarks.EMFCompare,avgt,1,10,68.462978,1.138977,ms/op,UpdateDeleteBox10,10,5000
org.eclipse.epsilon.peacemaker.benchmarks.BoxesBenchmarks.EMFCompare,avgt,1,10,133.098945,1.862392,ms/op,UpdateDeleteBox10,10,10000
org.eclipse.epsilon.peacemaker.benchmarks.BoxesBenchmarks.EMFCompare,avgt,1,10,197.493165,2.632189,ms/op,UpdateDeleteBox10,10,15000
org.eclipse.epsilon.peacemaker.benchmarks.BoxesBenchmarks.EMFCompare,avgt,1,10,422.864797,27.697430,ms/op,UpdateDeleteBox10,10,30000
org.eclipse.epsilon.peacemaker.benchmarks.BoxesBenchmarks.EMFCompare,avgt,1,10,698.537411,17.528453,ms/op,UpdateDeleteBox10,10,50000
org.eclipse.epsilon.peacemaker.benchmarks.BoxesBenchmarks.EMFCompare,avgt,1,10,1804.766810,208.966437,ms/op,UpdateDeleteBox10,10,100000
org.eclipse.epsilon.peacemaker.benchmarks.BoxesBenchmarks.EMFCompare,avgt,1,10,2746.365961,346.910663,ms/op,UpdateDeleteBox10,10,150000
org.eclipse.epsilon.peacemaker.benchmarks.BoxesBenchmarks.EMFCompare,avgt,1,10,3756.287320,221.803284,ms/op,UpdateDeleteBox10,10,200000
org.eclipse.epsilon.peacemaker.benchmarks.BoxesBenchmarks.EMFCompare,avgt,1,10,21.855259,0.314818,ms/op,UpdateDeleteBox20,10,1000
org.eclipse.epsilon.peacemaker.benchmarks.BoxesBenchmarks.EMFCompare,avgt,1,10,44.130647,0.814491,ms/op,UpdateDeleteBox20,10,2000
org.eclipse.epsilon.peacemaker.benchmarks.BoxesBenchmarks.EMFCompare,avgt,1,10,114.528092,0.961994,ms/op,UpdateDeleteBox20,10,5000
org.eclipse.epsilon.peacemaker.benchmarks.BoxesBenchmarks.EMFCompare,avgt,1,10,226.703250,4.525714,ms/op,UpdateDeleteBox20,10,10000
org.eclipse.epsilon.peacemaker.benchmarks.BoxesBenchmarks.EMFCompare,avgt,1,10,337.280638,11.568375,ms/op,UpdateDeleteBox20,10,15000
org.eclipse.epsilon.peacemaker.benchmarks.BoxesBenchmarks.EMFCompare,avgt,1,10,732.982049,35.410553,ms/op,UpdateDeleteBox20,10,30000
org.eclipse.epsilon.peacemaker.benchmarks.BoxesBenchmarks.EMFCompare,avgt,1,10,1291.991948,107.244606,ms/op,UpdateDeleteBox20,10,50000
org.eclipse.epsilon.peacemaker.benchmarks.BoxesBenchmarks.EMFCompare,avgt,1,10,2872.981386,253.670797,ms/op,UpdateDeleteBox20,10,100000
org.eclipse.epsilon.peacemaker.benchmarks.BoxesBenchmarks.EMFCompare,avgt,1,10,4328.473192,221.847603,ms/op,UpdateDeleteBox20,10,150000
org.eclipse.epsilon.peacemaker.benchmarks.BoxesBenchmarks.EMFCompare,avgt,1,10,5771.184376,237.986883,ms/op,UpdateDeleteBox20,10,200000
org.eclipse.epsilon.peacemaker.benchmarks.BoxesBenchmarks.EMFDiffMerge,avgt,1,10,7.151425,0.182649,ms/op,UpdateDeleteBox1,10,1000
org.eclipse.epsilon.peacemaker.benchmarks.BoxesBenchmarks.EMFDiffMerge,avgt,1,10,14.467485,0.207434,ms/op,UpdateDeleteBox1,10,2000
org.eclipse.epsilon.peacemaker.benchmarks.BoxesBenchmarks.EMFDiffMerge,avgt,1,10,36.380046,0.546525,ms/op,UpdateDeleteBox1,10,5000
org.eclipse.epsilon.peacemaker.benchmarks.BoxesBenchmarks.EMFDiffMerge,avgt,1,10,78.073664,1.123894,ms/op,UpdateDeleteBox1,10,10000
org.eclipse.epsilon.peacemaker.benchmarks.BoxesBenchmarks.EMFDiffMerge,avgt,1,10,125.979788,2.202648,ms/op,UpdateDeleteBox1,10,15000
org.eclipse.epsilon.peacemaker.benchmarks.BoxesBenchmarks.EMFDiffMerge,avgt,1,10,267.487514,3.356069,ms/op,UpdateDeleteBox1,10,30000
org.eclipse.epsilon.peacemaker.benchmarks.BoxesBenchmarks.EMFDiffMerge,avgt,1,10,518.178299,7.178422,ms/op,UpdateDeleteBox1,10,50000
org.eclipse.epsilon.peacemaker.benchmarks.BoxesBenchmarks.EMFDiffMerge,avgt,1,10,1450.845057,121.296041,ms/op,UpdateDeleteBox1,10,100000
org.eclipse.epsilon.peacemaker.benchmarks.BoxesBenchmarks.EMFDiffMerge,avgt,1,10,2578.247999,238.700548,ms/op,UpdateDeleteBox1,10,150000
org.eclipse.epsilon.peacemaker.benchmarks.BoxesBenchmarks.EMFDiffMerge,avgt,1,10,4084.271583,153.542715,ms/op,UpdateDeleteBox1,10,200000
org.eclipse.epsilon.peacemaker.benchmarks.BoxesBenchmarks.EMFDiffMerge,avgt,1,10,14.623737,0.215516,ms/op,UpdateDeleteBox10,10,1000
org.eclipse.epsilon.peacemaker.benchmarks.BoxesBenchmarks.EMFDiffMerge,avgt,1,10,31.609240,0.344125,ms/op,UpdateDeleteBox10,10,2000
org.eclipse.epsilon.peacemaker.benchmarks.BoxesBenchmarks.EMFDiffMerge,avgt,1,10,71.979363,1.309838,ms/op,UpdateDeleteBox10,10,5000
org.eclipse.epsilon.peacemaker.benchmarks.BoxesBenchmarks.EMFDiffMerge,avgt,1,10,146.536444,1.872452,ms/op,UpdateDeleteBox10,10,10000
org.eclipse.epsilon.peacemaker.benchmarks.BoxesBenchmarks.EMFDiffMerge,avgt,1,10,227.998601,2.512947,ms/op,UpdateDeleteBox10,10,15000
org.eclipse.epsilon.peacemaker.benchmarks.BoxesBenchmarks.EMFDiffMerge,avgt,1,10,486.159837,49.143937,ms/op,UpdateDeleteBox10,10,30000
org.eclipse.epsilon.peacemaker.benchmarks.BoxesBenchmarks.EMFDiffMerge,avgt,1,10,887.951095,48.200939,ms/op,UpdateDeleteBox10,10,50000
org.eclipse.epsilon.peacemaker.benchmarks.BoxesBenchmarks.EMFDiffMerge,avgt,1,10,2332.518973,307.868794,ms/op,UpdateDeleteBox10,10,100000
org.eclipse.epsilon.peacemaker.benchmarks.BoxesBenchmarks.EMFDiffMerge,avgt,1,10,3938.505856,261.238844,ms/op,UpdateDeleteBox10,10,150000
org.eclipse.epsilon.peacemaker.benchmarks.BoxesBenchmarks.EMFDiffMerge,avgt,1,10,5834.915299,372.066579,ms/op,UpdateDeleteBox10,10,200000
org.eclipse.epsilon.peacemaker.benchmarks.BoxesBenchmarks.EMFDiffMerge,avgt,1,10,22.924481,0.435177,ms/op,UpdateDeleteBox20,10,1000
org.eclipse.epsilon.peacemaker.benchmarks.BoxesBenchmarks.EMFDiffMerge,avgt,1,10,47.235200,1.041492,ms/op,UpdateDeleteBox20,10,2000
org.eclipse.epsilon.peacemaker.benchmarks.BoxesBenchmarks.EMFDiffMerge,avgt,1,10,116.330335,1.062721,ms/op,UpdateDeleteBox20,10,5000
org.eclipse.epsilon.peacemaker.benchmarks.BoxesBenchmarks.EMFDiffMerge,avgt,1,10,236.441750,2.732245,ms/op,UpdateDeleteBox20,10,10000
org.eclipse.epsilon.peacemaker.benchmarks.BoxesBenchmarks.EMFDiffMerge,avgt,1,10,342.355801,2.020156,ms/op,UpdateDeleteBox20,10,15000
org.eclipse.epsilon.peacemaker.benchmarks.BoxesBenchmarks.EMFDiffMerge,avgt,1,10,735.930776,12.943727,ms/op,UpdateDeleteBox20,10,30000
org.eclipse.epsilon.peacemaker.benchmarks.BoxesBenchmarks.EMFDiffMerge,avgt,1,10,1444.790927,168.593792,ms/op,UpdateDeleteBox20,10,50000
org.eclipse.epsilon.peacemaker.benchmarks.BoxesBenchmarks.EMFDiffMerge,avgt,1,10,3353.769539,280.466770,ms/op,UpdateDeleteBox20,10,100000
org.eclipse.epsilon.peacemaker.benchmarks.BoxesBenchmarks.EMFDiffMerge,avgt,1,10,5334.522385,244.324495,ms/op,UpdateDeleteBox20,10,150000
org.eclipse.epsilon.peacemaker.benchmarks.BoxesBenchmarks.EMFDiffMerge,avgt,1,10,7981.998433,541.016171,ms/op,UpdateDeleteBox20,10,200000
org.eclipse.epsilon.peacemaker.benchmarks.BoxesBenchmarks.XMILoad,avgt,1,10,1.155847,0.026109,ms/op,UpdateDeleteBox1,10,1000
org.eclipse.epsilon.peacemaker.benchmarks.BoxesBenchmarks.XMILoad,avgt,1,10,2.204524,0.046894,ms/op,UpdateDeleteBox1,10,2000
org.eclipse.epsilon.peacemaker.benchmarks.BoxesBenchmarks.XMILoad,avgt,1,10,5.484419,0.080863,ms/op,UpdateDeleteBox1,10,5000
org.eclipse.epsilon.peacemaker.benchmarks.BoxesBenchmarks.XMILoad,avgt,1,10,11.156394,0.121776,ms/op,UpdateDeleteBox1,10,10000
org.eclipse.epsilon.peacemaker.benchmarks.BoxesBenchmarks.XMILoad,avgt,1,10,16.594553,0.245404,ms/op,UpdateDeleteBox1,10,15000
org.eclipse.epsilon.peacemaker.benchmarks.BoxesBenchmarks.XMILoad,avgt,1,10,33.948470,0.538227,ms/op,UpdateDeleteBox1,10,30000
org.eclipse.epsilon.peacemaker.benchmarks.BoxesBenchmarks.XMILoad,avgt,1,10,59.372908,0.505377,ms/op,UpdateDeleteBox1,10,50000
org.eclipse.epsilon.peacemaker.benchmarks.BoxesBenchmarks.XMILoad,avgt,1,10,120.284117,1.098278,ms/op,UpdateDeleteBox1,10,100000
org.eclipse.epsilon.peacemaker.benchmarks.BoxesBenchmarks.XMILoad,avgt,1,10,177.554776,1.377113,ms/op,UpdateDeleteBox1,10,150000
org.eclipse.epsilon.peacemaker.benchmarks.BoxesBenchmarks.XMILoad,avgt,1,10,294.248164,18.148446,ms/op,UpdateDeleteBox1,10,200000
org.eclipse.epsilon.peacemaker.benchmarks.BoxesBenchmarks.XMILoad,avgt,1,10,3.045676,0.051905,ms/op,UpdateDeleteBox10,10,1000
org.eclipse.epsilon.peacemaker.benchmarks.BoxesBenchmarks.XMILoad,avgt,1,10,5.935819,0.105297,ms/op,UpdateDeleteBox10,10,2000
org.eclipse.epsilon.peacemaker.benchmarks.BoxesBenchmarks.XMILoad,avgt,1,10,15.396891,0.212175,ms/op,UpdateDeleteBox10,10,5000
org.eclipse.epsilon.peacemaker.benchmarks.BoxesBenchmarks.XMILoad,avgt,1,10,30.262945,0.400289,ms/op,UpdateDeleteBox10,10,10000
org.eclipse.epsilon.peacemaker.benchmarks.BoxesBenchmarks.XMILoad,avgt,1,10,44.869766,0.716204,ms/op,UpdateDeleteBox10,10,15000
org.eclipse.epsilon.peacemaker.benchmarks.BoxesBenchmarks.XMILoad,avgt,1,10,91.344006,1.432256,ms/op,UpdateDeleteBox10,10,30000
org.eclipse.epsilon.peacemaker.benchmarks.BoxesBenchmarks.XMILoad,avgt,1,10,150.701828,2.393618,ms/op,UpdateDeleteBox10,10,50000
org.eclipse.epsilon.peacemaker.benchmarks.BoxesBenchmarks.XMILoad,avgt,1,10,313.708033,3.557392,ms/op,UpdateDeleteBox10,10,100000
org.eclipse.epsilon.peacemaker.benchmarks.BoxesBenchmarks.XMILoad,avgt,1,10,474.278860,28.473788,ms/op,UpdateDeleteBox10,10,150000
org.eclipse.epsilon.peacemaker.benchmarks.BoxesBenchmarks.XMILoad,avgt,1,10,760.435707,35.882244,ms/op,UpdateDeleteBox10,10,200000
org.eclipse.epsilon.peacemaker.benchmarks.BoxesBenchmarks.XMILoad,avgt,1,10,5.388672,0.047190,ms/op,UpdateDeleteBox20,10,1000
org.eclipse.epsilon.peacemaker.benchmarks.BoxesBenchmarks.XMILoad,avgt,1,10,10.475866,0.240230,ms/op,UpdateDeleteBox20,10,2000
org.eclipse.epsilon.peacemaker.benchmarks.BoxesBenchmarks.XMILoad,avgt,1,10,27.092806,0.487758,ms/op,UpdateDeleteBox20,10,5000
org.eclipse.epsilon.peacemaker.benchmarks.BoxesBenchmarks.XMILoad,avgt,1,10,54.558064,0.656156,ms/op,UpdateDeleteBox20,10,10000
org.eclipse.epsilon.peacemaker.benchmarks.BoxesBenchmarks.XMILoad,avgt,1,10,79.067329,1.096126,ms/op,UpdateDeleteBox20,10,15000
org.eclipse.epsilon.peacemaker.benchmarks.BoxesBenchmarks.XMILoad,avgt,1,10,163.473855,3.021849,ms/op,UpdateDeleteBox20,10,30000
org.eclipse.epsilon.peacemaker.benchmarks.BoxesBenchmarks.XMILoad,avgt,1,10,275.691749,5.149696,ms/op,UpdateDeleteBox20,10,50000
org.eclipse.epsilon.peacemaker.benchmarks.BoxesBenchmarks.XMILoad,avgt,1,10,582.474936,28.961961,ms/op,UpdateDeleteBox20,10,100000
org.eclipse.epsilon.peacemaker.benchmarks.BoxesBenchmarks.XMILoad,avgt,1,10,936.260578,85.094511,ms/op,UpdateDeleteBox20,10,150000
org.eclipse.epsilon.peacemaker.benchmarks.BoxesBenchmarks.XMILoad,avgt,1,10,1331.791265,72.389304,ms/op,UpdateDeleteBox20,10,200000
org.eclipse.epsilon.peacemaker.benchmarks.PSLBenchmarks.EMFCompare,avgt,1,10,26.278391,0.598014,ms/op,UpdateDeleteTasks,10,1000
org.eclipse.epsilon.peacemaker.benchmarks.PSLBenchmarks.EMFCompare,avgt,1,10,53.446649,1.470818,ms/op,UpdateDeleteTasks,10,2000
org.eclipse.epsilon.peacemaker.benchmarks.PSLBenchmarks.EMFCompare,avgt,1,10,139.582753,2.189603,ms/op,UpdateDeleteTasks,10,5000
org.eclipse.epsilon.peacemaker.benchmarks.PSLBenchmarks.EMFCompare,avgt,1,10,288.861766,7.458245,ms/op,UpdateDeleteTasks,10,10000
org.eclipse.epsilon.peacemaker.benchmarks.PSLBenchmarks.EMFCompare,avgt,1,10,442.444040,9.911674,ms/op,UpdateDeleteTasks,10,15000
org.eclipse.epsilon.peacemaker.benchmarks.PSLBenchmarks.EMFCompare,avgt,1,10,1040.055928,118.469736,ms/op,UpdateDeleteTasks,10,30000
org.eclipse.epsilon.peacemaker.benchmarks.PSLBenchmarks.EMFCompare,avgt,1,10,1769.454093,79.329497,ms/op,UpdateDeleteTasks,10,50000
org.eclipse.epsilon.peacemaker.benchmarks.PSLBenchmarks.EMFCompare,avgt,1,10,3988.449069,170.375575,ms/op,UpdateDeleteTasks,10,100000
org.eclipse.epsilon.peacemaker.benchmarks.PSLBenchmarks.EMFCompare,avgt,1,10,5993.858638,210.694950,ms/op,UpdateDeleteTasks,10,150000
org.eclipse.epsilon.peacemaker.benchmarks.PSLBenchmarks.EMFCompare,avgt,1,10,8017.255068,423.778284,ms/op,UpdateDeleteTasks,10,200000
org.eclipse.epsilon.peacemaker.benchmarks.PSLBenchmarks.EMFCompare,avgt,1,10,25.990435,0.527118,ms/op,DoubleUpdateTasks,10,1000
org.eclipse.epsilon.peacemaker.benchmarks.PSLBenchmarks.EMFCompare,avgt,1,10,52.931399,0.963318,ms/op,DoubleUpdateTasks,10,2000
org.eclipse.epsilon.peacemaker.benchmarks.PSLBenchmarks.EMFCompare,avgt,1,10,136.338769,4.548623,ms/op,DoubleUpdateTasks,10,5000
org.eclipse.epsilon.peacemaker.benchmarks.PSLBenchmarks.EMFCompare,avgt,1,10,287.594252,7.254972,ms/op,DoubleUpdateTasks,10,10000
org.eclipse.epsilon.peacemaker.benchmarks.PSLBenchmarks.EMFCompare,avgt,1,10,428.706661,10.408674,ms/op,DoubleUpdateTasks,10,15000
org.eclipse.epsilon.peacemaker.benchmarks.PSLBenchmarks.EMFCompare,avgt,1,10,1039.759670,58.932855,ms/op,DoubleUpdateTasks,10,30000
org.eclipse.epsilon.peacemaker.benchmarks.PSLBenchmarks.EMFCompare,avgt,1,10,1821.508553,121.429952,ms/op,DoubleUpdateTasks,10,50000
org.eclipse.epsilon.peacemaker.benchmarks.PSLBenchmarks.EMFCompare,avgt,1,10,3912.363086,204.476004,ms/op,DoubleUpdateTasks,10,100000
org.eclipse.epsilon.peacemaker.benchmarks.PSLBenchmarks.EMFCompare,avgt,1,10,6370.693440,467.486796,ms/op,DoubleUpdateTasks,10,150000
org.eclipse.epsilon.peacemaker.benchmarks.PSLBenchmarks.EMFCompare,avgt,1,10,8001.773229,317.658471,ms/op,DoubleUpdateTasks,10,200000
org.eclipse.epsilon.peacemaker.benchmarks.PSLBenchmarks.EMFCompare,avgt,1,10,29.404821,1.500852,ms/op,UpdateDeleteTasks10PercChanges,10,1000
org.eclipse.epsilon.peacemaker.benchmarks.PSLBenchmarks.EMFCompare,avgt,1,10,54.784624,2.861965,ms/op,UpdateDeleteTasks10PercChanges,10,2000
org.eclipse.epsilon.peacemaker.benchmarks.PSLBenchmarks.EMFCompare,avgt,1,10,143.504352,3.897682,ms/op,UpdateDeleteTasks10PercChanges,10,5000
org.eclipse.epsilon.peacemaker.benchmarks.PSLBenchmarks.EMFCompare,avgt,1,10,305.814318,6.811337,ms/op,UpdateDeleteTasks10PercChanges,10,10000
org.eclipse.epsilon.peacemaker.benchmarks.PSLBenchmarks.EMFCompare,avgt,1,10,453.855458,5.097573,ms/op,UpdateDeleteTasks10PercChanges,10,15000
org.eclipse.epsilon.peacemaker.benchmarks.PSLBenchmarks.EMFCompare,avgt,1,10,1075.181803,77.932227,ms/op,UpdateDeleteTasks10PercChanges,10,30000
org.eclipse.epsilon.peacemaker.benchmarks.PSLBenchmarks.EMFCompare,avgt,1,10,1837.252245,206.550803,ms/op,UpdateDeleteTasks10PercChanges,10,50000
org.eclipse.epsilon.peacemaker.benchmarks.PSLBenchmarks.EMFCompare,avgt,1,10,3986.845506,196.904941,ms/op,UpdateDeleteTasks10PercChanges,10,100000
org.eclipse.epsilon.peacemaker.benchmarks.PSLBenchmarks.EMFCompare,avgt,1,10,6033.906158,208.947603,ms/op,UpdateDeleteTasks10PercChanges,10,150000
org.eclipse.epsilon.peacemaker.benchmarks.PSLBenchmarks.EMFCompare,avgt,1,10,8228.982067,232.765886,ms/op,UpdateDeleteTasks10PercChanges,10,200000
org.eclipse.epsilon.peacemaker.benchmarks.PSLBenchmarks.EMFCompare,avgt,1,10,29.252064,0.596993,ms/op,UpdateDeleteTasks50PercChanges,10,1000
org.eclipse.epsilon.peacemaker.benchmarks.PSLBenchmarks.EMFCompare,avgt,1,10,59.292398,0.887147,ms/op,UpdateDeleteTasks50PercChanges,10,2000
org.eclipse.epsilon.peacemaker.benchmarks.PSLBenchmarks.EMFCompare,avgt,1,10,150.710444,1.443855,ms/op,UpdateDeleteTasks50PercChanges,10,5000
org.eclipse.epsilon.peacemaker.benchmarks.PSLBenchmarks.EMFCompare,avgt,1,10,323.170617,5.348931,ms/op,UpdateDeleteTasks50PercChanges,10,10000
org.eclipse.epsilon.peacemaker.benchmarks.PSLBenchmarks.EMFCompare,avgt,1,10,493.267110,37.533152,ms/op,UpdateDeleteTasks50PercChanges,10,15000
org.eclipse.epsilon.peacemaker.benchmarks.PSLBenchmarks.EMFCompare,avgt,1,10,1141.835595,73.702581,ms/op,UpdateDeleteTasks50PercChanges,10,30000
org.eclipse.epsilon.peacemaker.benchmarks.PSLBenchmarks.EMFCompare,avgt,1,10,2015.513867,156.393341,ms/op,UpdateDeleteTasks50PercChanges,10,50000
org.eclipse.epsilon.peacemaker.benchmarks.PSLBenchmarks.EMFCompare,avgt,1,10,4240.314129,125.955561,ms/op,UpdateDeleteTasks50PercChanges,10,100000
org.eclipse.epsilon.peacemaker.benchmarks.PSLBenchmarks.EMFCompare,avgt,1,10,6531.209160,412.331934,ms/op,UpdateDeleteTasks50PercChanges,10,150000
org.eclipse.epsilon.peacemaker.benchmarks.PSLBenchmarks.EMFCompare,avgt,1,10,8767.680084,528.542477,ms/op,UpdateDeleteTasks50PercChanges,10,200000
org.eclipse.epsilon.peacemaker.benchmarks.PSLBenchmarks.EMFCompare,avgt,1,10,31.740386,0.645555,ms/op,UpdateDeleteTasks100PercChanges,10,1000
org.eclipse.epsilon.peacemaker.benchmarks.PSLBenchmarks.EMFCompare,avgt,1,10,64.710313,1.131436,ms/op,UpdateDeleteTasks100PercChanges,10,2000
org.eclipse.epsilon.peacemaker.benchmarks.PSLBenchmarks.EMFCompare,avgt,1,10,169.527701,4.031395,ms/op,UpdateDeleteTasks100PercChanges,10,5000
org.eclipse.epsilon.peacemaker.benchmarks.PSLBenchmarks.EMFCompare,avgt,1,10,348.364557,6.257753,ms/op,UpdateDeleteTasks100PercChanges,10,10000
org.eclipse.epsilon.peacemaker.benchmarks.PSLBenchmarks.EMFCompare,avgt,1,10,515.950776,7.804859,ms/op,UpdateDeleteTasks100PercChanges,10,15000
org.eclipse.epsilon.peacemaker.benchmarks.PSLBenchmarks.EMFCompare,avgt,1,10,1244.497007,95.582062,ms/op,UpdateDeleteTasks100PercChanges,10,30000
org.eclipse.epsilon.peacemaker.benchmarks.PSLBenchmarks.EMFCompare,avgt,1,10,2218.428168,188.116409,ms/op,UpdateDeleteTasks100PercChanges,10,50000
org.eclipse.epsilon.peacemaker.benchmarks.PSLBenchmarks.EMFCompare,avgt,1,10,4440.750690,143.655024,ms/op,UpdateDeleteTasks100PercChanges,10,100000
org.eclipse.epsilon.peacemaker.benchmarks.PSLBenchmarks.EMFCompare,avgt,1,10,7100.295090,274.757887,ms/op,UpdateDeleteTasks100PercChanges,10,150000
org.eclipse.epsilon.peacemaker.benchmarks.PSLBenchmarks.EMFCompare,avgt,1,10,9248.707932,197.293194,ms/op,UpdateDeleteTasks100PercChanges,10,200000
org.eclipse.epsilon.peacemaker.benchmarks.PSLBenchmarks.EMFCompare,avgt,1,10,27.735269,0.442187,ms/op,UpdateDeleteTasks10PercConflicts,10,1000
org.eclipse.epsilon.peacemaker.benchmarks.PSLBenchmarks.EMFCompare,avgt,1,10,56.010257,2.516146,ms/op,UpdateDeleteTasks10PercConflicts,10,2000
org.eclipse.epsilon.peacemaker.benchmarks.PSLBenchmarks.EMFCompare,avgt,1,10,141.910779,3.373670,ms/op,UpdateDeleteTasks10PercConflicts,10,5000
org.eclipse.epsilon.peacemaker.benchmarks.PSLBenchmarks.EMFCompare,avgt,1,10,291.022324,6.878421,ms/op,UpdateDeleteTasks10PercConflicts,10,10000
org.eclipse.epsilon.peacemaker.benchmarks.PSLBenchmarks.EMFCompare,avgt,1,10,457.204956,18.820952,ms/op,UpdateDeleteTasks10PercConflicts,10,15000
org.eclipse.epsilon.peacemaker.benchmarks.PSLBenchmarks.EMFCompare,avgt,1,10,1081.575292,37.479645,ms/op,UpdateDeleteTasks10PercConflicts,10,30000
org.eclipse.epsilon.peacemaker.benchmarks.PSLBenchmarks.EMFCompare,avgt,1,10,1944.269139,199.081897,ms/op,UpdateDeleteTasks10PercConflicts,10,50000
org.eclipse.epsilon.peacemaker.benchmarks.PSLBenchmarks.EMFCompare,avgt,1,10,4007.386406,159.278584,ms/op,UpdateDeleteTasks10PercConflicts,10,100000
org.eclipse.epsilon.peacemaker.benchmarks.PSLBenchmarks.EMFCompare,avgt,1,10,6103.482536,230.161437,ms/op,UpdateDeleteTasks10PercConflicts,10,150000
org.eclipse.epsilon.peacemaker.benchmarks.PSLBenchmarks.EMFCompare,avgt,1,10,8444.179953,443.433663,ms/op,UpdateDeleteTasks10PercConflicts,10,200000
org.eclipse.epsilon.peacemaker.benchmarks.PSLBenchmarks.EMFCompare,avgt,1,10,31.424249,0.410319,ms/op,UpdateDeleteTasks50PercConflicts,10,1000
org.eclipse.epsilon.peacemaker.benchmarks.PSLBenchmarks.EMFCompare,avgt,1,10,63.119923,1.052158,ms/op,UpdateDeleteTasks50PercConflicts,10,2000
org.eclipse.epsilon.peacemaker.benchmarks.PSLBenchmarks.EMFCompare,avgt,1,10,178.070238,4.035106,ms/op,UpdateDeleteTasks50PercConflicts,10,5000
org.eclipse.epsilon.peacemaker.benchmarks.PSLBenchmarks.EMFCompare,avgt,1,10,334.144959,6.210960,ms/op,UpdateDeleteTasks50PercConflicts,10,10000
org.eclipse.epsilon.peacemaker.benchmarks.PSLBenchmarks.EMFCompare,avgt,1,10,522.675917,28.896854,ms/op,UpdateDeleteTasks50PercConflicts,10,15000
org.eclipse.epsilon.peacemaker.benchmarks.PSLBenchmarks.EMFCompare,avgt,1,10,1226.854941,89.041792,ms/op,UpdateDeleteTasks50PercConflicts,10,30000
org.eclipse.epsilon.peacemaker.benchmarks.PSLBenchmarks.EMFCompare,avgt,1,10,2103.535977,132.393920,ms/op,UpdateDeleteTasks50PercConflicts,10,50000
org.eclipse.epsilon.peacemaker.benchmarks.PSLBenchmarks.EMFCompare,avgt,1,10,4383.458490,274.325943,ms/op,UpdateDeleteTasks50PercConflicts,10,100000
org.eclipse.epsilon.peacemaker.benchmarks.PSLBenchmarks.EMFCompare,avgt,1,10,6738.930926,337.446896,ms/op,UpdateDeleteTasks50PercConflicts,10,150000
org.eclipse.epsilon.peacemaker.benchmarks.PSLBenchmarks.EMFCompare,avgt,1,10,9166.795010,450.212524,ms/op,UpdateDeleteTasks50PercConflicts,10,200000
org.eclipse.epsilon.peacemaker.benchmarks.PSLBenchmarks.EMFCompare,avgt,1,10,35.185419,0.569823,ms/op,UpdateDeleteTasks100PercConflicts,10,1000
org.eclipse.epsilon.peacemaker.benchmarks.PSLBenchmarks.EMFCompare,avgt,1,10,71.032053,1.232476,ms/op,UpdateDeleteTasks100PercConflicts,10,2000
org.eclipse.epsilon.peacemaker.benchmarks.PSLBenchmarks.EMFCompare,avgt,1,10,192.445009,3.378146,ms/op,UpdateDeleteTasks100PercConflicts,10,5000
org.eclipse.epsilon.peacemaker.benchmarks.PSLBenchmarks.EMFCompare,avgt,1,10,370.391389,10.555976,ms/op,UpdateDeleteTasks100PercConflicts,10,10000
org.eclipse.epsilon.peacemaker.benchmarks.PSLBenchmarks.EMFCompare,avgt,1,10,581.001603,12.575634,ms/op,UpdateDeleteTasks100PercConflicts,10,15000
org.eclipse.epsilon.peacemaker.benchmarks.PSLBenchmarks.EMFCompare,avgt,1,10,1388.923208,68.728329,ms/op,UpdateDeleteTasks100PercConflicts,10,30000
org.eclipse.epsilon.peacemaker.benchmarks.PSLBenchmarks.EMFCompare,avgt,1,10,2323.132015,99.608373,ms/op,UpdateDeleteTasks100PercConflicts,10,50000
org.eclipse.epsilon.peacemaker.benchmarks.PSLBenchmarks.EMFCompare,avgt,1,10,4802.758438,297.402561,ms/op,UpdateDeleteTasks100PercConflicts,10,100000
org.eclipse.epsilon.peacemaker.benchmarks.PSLBenchmarks.EMFCompare,avgt,1,10,7476.614205,295.120393,ms/op,UpdateDeleteTasks100PercConflicts,10,150000
org.eclipse.epsilon.peacemaker.benchmarks.PSLBenchmarks.EMFCompare,avgt,1,10,10159.794123,496.190849,ms/op,UpdateDeleteTasks100PercConflicts,10,200000
org.eclipse.epsilon.peacemaker.benchmarks.PSLBenchmarks.EMFDiffMerge,avgt,1,10,29.121128,0.520957,ms/op,UpdateDeleteTasks,10,1000
org.eclipse.epsilon.peacemaker.benchmarks.PSLBenchmarks.EMFDiffMerge,avgt,1,10,66.524171,0.923560,ms/op,UpdateDeleteTasks,10,2000
org.eclipse.epsilon.peacemaker.benchmarks.PSLBenchmarks.EMFDiffMerge,avgt,1,10,167.668360,3.829878,ms/op,UpdateDeleteTasks,10,5000
org.eclipse.epsilon.peacemaker.benchmarks.PSLBenchmarks.EMFDiffMerge,avgt,1,10,339.624085,3.591199,ms/op,UpdateDeleteTasks,10,10000
org.eclipse.epsilon.peacemaker.benchmarks.PSLBenchmarks.EMFDiffMerge,avgt,1,10,508.550094,6.758893,ms/op,UpdateDeleteTasks,10,15000
org.eclipse.epsilon.peacemaker.benchmarks.PSLBenchmarks.EMFDiffMerge,avgt,1,10,1249.360525,92.953545,ms/op,UpdateDeleteTasks,10,30000
org.eclipse.epsilon.peacemaker.benchmarks.PSLBenchmarks.EMFDiffMerge,avgt,1,10,2278.337891,191.807002,ms/op,UpdateDeleteTasks,10,50000
org.eclipse.epsilon.peacemaker.benchmarks.PSLBenchmarks.EMFDiffMerge,avgt,1,10,5027.035871,250.065077,ms/op,UpdateDeleteTasks,10,100000
org.eclipse.epsilon.peacemaker.benchmarks.PSLBenchmarks.EMFDiffMerge,avgt,1,10,7964.072900,513.015467,ms/op,UpdateDeleteTasks,10,150000
org.eclipse.epsilon.peacemaker.benchmarks.PSLBenchmarks.EMFDiffMerge,avgt,1,10,11163.760561,390.916639,ms/op,UpdateDeleteTasks,10,200000
org.eclipse.epsilon.peacemaker.benchmarks.PSLBenchmarks.EMFDiffMerge,avgt,1,10,30.289349,0.571604,ms/op,DoubleUpdateTasks,10,1000
org.eclipse.epsilon.peacemaker.benchmarks.PSLBenchmarks.EMFDiffMerge,avgt,1,10,63.524579,0.602017,ms/op,DoubleUpdateTasks,10,2000
org.eclipse.epsilon.peacemaker.benchmarks.PSLBenchmarks.EMFDiffMerge,avgt,1,10,165.360448,2.934388,ms/op,DoubleUpdateTasks,10,5000
org.eclipse.epsilon.peacemaker.benchmarks.PSLBenchmarks.EMFDiffMerge,avgt,1,10,331.670796,4.695534,ms/op,DoubleUpdateTasks,10,10000
org.eclipse.epsilon.peacemaker.benchmarks.PSLBenchmarks.EMFDiffMerge,avgt,1,10,509.996513,14.977388,ms/op,DoubleUpdateTasks,10,15000
org.eclipse.epsilon.peacemaker.benchmarks.PSLBenchmarks.EMFDiffMerge,avgt,1,10,1309.593945,120.397734,ms/op,DoubleUpdateTasks,10,30000
org.eclipse.epsilon.peacemaker.benchmarks.PSLBenchmarks.EMFDiffMerge,avgt,1,10,2229.204377,220.104286,ms/op,DoubleUpdateTasks,10,50000
org.eclipse.epsilon.peacemaker.benchmarks.PSLBenchmarks.EMFDiffMerge,avgt,1,10,5003.936381,351.092426,ms/op,DoubleUpdateTasks,10,100000
org.eclipse.epsilon.peacemaker.benchmarks.PSLBenchmarks.EMFDiffMerge,avgt,1,10,8057.871515,477.061557,ms/op,DoubleUpdateTasks,10,150000
org.eclipse.epsilon.peacemaker.benchmarks.PSLBenchmarks.EMFDiffMerge,avgt,1,10,11194.770775,375.363393,ms/op,DoubleUpdateTasks,10,200000
org.eclipse.epsilon.peacemaker.benchmarks.PSLBenchmarks.EMFDiffMerge,avgt,1,10,31.458377,0.372313,ms/op,UpdateDeleteTasks10PercChanges,10,1000
org.eclipse.epsilon.peacemaker.benchmarks.PSLBenchmarks.EMFDiffMerge,avgt,1,10,71.134910,0.876555,ms/op,UpdateDeleteTasks10PercChanges,10,2000
org.eclipse.epsilon.peacemaker.benchmarks.PSLBenchmarks.EMFDiffMerge,avgt,1,10,170.692538,1.412527,ms/op,UpdateDeleteTasks10PercChanges,10,5000
org.eclipse.epsilon.peacemaker.benchmarks.PSLBenchmarks.EMFDiffMerge,avgt,1,10,351.107430,2.371994,ms/op,UpdateDeleteTasks10PercChanges,10,10000
org.eclipse.epsilon.peacemaker.benchmarks.PSLBenchmarks.EMFDiffMerge,avgt,1,10,542.466518,8.019441,ms/op,UpdateDeleteTasks10PercChanges,10,15000
org.eclipse.epsilon.peacemaker.benchmarks.PSLBenchmarks.EMFDiffMerge,avgt,1,10,1314.941948,97.409463,ms/op,UpdateDeleteTasks10PercChanges,10,30000
org.eclipse.epsilon.peacemaker.benchmarks.PSLBenchmarks.EMFDiffMerge,avgt,1,10,2359.559024,157.632072,ms/op,UpdateDeleteTasks10PercChanges,10,50000
org.eclipse.epsilon.peacemaker.benchmarks.PSLBenchmarks.EMFDiffMerge,avgt,1,10,5142.537019,312.458395,ms/op,UpdateDeleteTasks10PercChanges,10,100000
org.eclipse.epsilon.peacemaker.benchmarks.PSLBenchmarks.EMFDiffMerge,avgt,1,10,8273.676372,442.670963,ms/op,UpdateDeleteTasks10PercChanges,10,150000
org.eclipse.epsilon.peacemaker.benchmarks.PSLBenchmarks.EMFDiffMerge,avgt,1,10,11791.035396,422.827360,ms/op,UpdateDeleteTasks10PercChanges,10,200000
org.eclipse.epsilon.peacemaker.benchmarks.PSLBenchmarks.EMFDiffMerge,avgt,1,10,36.914894,0.490346,ms/op,UpdateDeleteTasks50PercChanges,10,1000
org.eclipse.epsilon.peacemaker.benchmarks.PSLBenchmarks.EMFDiffMerge,avgt,1,10,82.011233,1.319124,ms/op,UpdateDeleteTasks50PercChanges,10,2000
org.eclipse.epsilon.peacemaker.benchmarks.PSLBenchmarks.EMFDiffMerge,avgt,1,10,211.006629,1.521394,ms/op,UpdateDeleteTasks50PercChanges,10,5000
org.eclipse.epsilon.peacemaker.benchmarks.PSLBenchmarks.EMFDiffMerge,avgt,1,10,396.581134,6.057346,ms/op,UpdateDeleteTasks50PercChanges,10,10000
org.eclipse.epsilon.peacemaker.benchmarks.PSLBenchmarks.EMFDiffMerge,avgt,1,10,626.275021,8.551228,ms/op,UpdateDeleteTasks50PercChanges,10,15000
org.eclipse.epsilon.peacemaker.benchmarks.PSLBenchmarks.EMFDiffMerge,avgt,1,10,1566.077945,129.739476,ms/op,UpdateDeleteTasks50PercChanges,10,30000
org.eclipse.epsilon.peacemaker.benchmarks.PSLBenchmarks.EMFDiffMerge,avgt,1,10,2685.043787,293.968841,ms/op,UpdateDeleteTasks50PercChanges,10,50000
org.eclipse.epsilon.peacemaker.benchmarks.PSLBenchmarks.EMFDiffMerge,avgt,1,10,5775.731456,312.912839,ms/op,UpdateDeleteTasks50PercChanges,10,100000
org.eclipse.epsilon.peacemaker.benchmarks.PSLBenchmarks.EMFDiffMerge,avgt,1,10,9921.696146,489.411516,ms/op,UpdateDeleteTasks50PercChanges,10,150000
org.eclipse.epsilon.peacemaker.benchmarks.PSLBenchmarks.EMFDiffMerge,avgt,1,10,13304.749386,435.762721,ms/op,UpdateDeleteTasks50PercChanges,10,200000
org.eclipse.epsilon.peacemaker.benchmarks.PSLBenchmarks.EMFDiffMerge,avgt,1,10,43.236060,0.661660,ms/op,UpdateDeleteTasks100PercChanges,10,1000
org.eclipse.epsilon.peacemaker.benchmarks.PSLBenchmarks.EMFDiffMerge,avgt,1,10,89.183681,1.133351,ms/op,UpdateDeleteTasks100PercChanges,10,2000
org.eclipse.epsilon.peacemaker.benchmarks.PSLBenchmarks.EMFDiffMerge,avgt,1,10,236.494146,2.072644,ms/op,UpdateDeleteTasks100PercChanges,10,5000
org.eclipse.epsilon.peacemaker.benchmarks.PSLBenchmarks.EMFDiffMerge,avgt,1,10,475.286567,43.582137,ms/op,UpdateDeleteTasks100PercChanges,10,10000
org.eclipse.epsilon.peacemaker.benchmarks.PSLBenchmarks.EMFDiffMerge,avgt,1,10,707.208800,7.850631,ms/op,UpdateDeleteTasks100PercChanges,10,15000
org.eclipse.epsilon.peacemaker.benchmarks.PSLBenchmarks.EMFDiffMerge,avgt,1,10,1803.436777,125.397351,ms/op,UpdateDeleteTasks100PercChanges,10,30000
org.eclipse.epsilon.peacemaker.benchmarks.PSLBenchmarks.EMFDiffMerge,avgt,1,10,3175.760205,353.258052,ms/op,UpdateDeleteTasks100PercChanges,10,50000
org.eclipse.epsilon.peacemaker.benchmarks.PSLBenchmarks.EMFDiffMerge,avgt,1,10,6672.464980,255.219241,ms/op,UpdateDeleteTasks100PercChanges,10,100000
org.eclipse.epsilon.peacemaker.benchmarks.PSLBenchmarks.EMFDiffMerge,avgt,1,10,10751.098424,314.225277,ms/op,UpdateDeleteTasks100PercChanges,10,150000
org.eclipse.epsilon.peacemaker.benchmarks.PSLBenchmarks.EMFDiffMerge,avgt,1,10,14849.414896,452.948324,ms/op,UpdateDeleteTasks100PercChanges,10,200000
org.eclipse.epsilon.peacemaker.benchmarks.PSLBenchmarks.EMFDiffMerge,avgt,1,10,29.991182,0.628034,ms/op,UpdateDeleteTasks10PercConflicts,10,1000
org.eclipse.epsilon.peacemaker.benchmarks.PSLBenchmarks.EMFDiffMerge,avgt,1,10,62.399361,1.106444,ms/op,UpdateDeleteTasks10PercConflicts,10,2000
org.eclipse.epsilon.peacemaker.benchmarks.PSLBenchmarks.EMFDiffMerge,avgt,1,10,173.465473,3.189623,ms/op,UpdateDeleteTasks10PercConflicts,10,5000
org.eclipse.epsilon.peacemaker.benchmarks.PSLBenchmarks.EMFDiffMerge,avgt,1,10,337.840733,4.877988,ms/op,UpdateDeleteTasks10PercConflicts,10,10000
org.eclipse.epsilon.peacemaker.benchmarks.PSLBenchmarks.EMFDiffMerge,avgt,1,10,529.716349,13.436070,ms/op,UpdateDeleteTasks10PercConflicts,10,15000
org.eclipse.epsilon.peacemaker.benchmarks.PSLBenchmarks.EMFDiffMerge,avgt,1,10,1271.333304,136.370575,ms/op,UpdateDeleteTasks10PercConflicts,10,30000
org.eclipse.epsilon.peacemaker.benchmarks.PSLBenchmarks.EMFDiffMerge,avgt,1,10,2283.378295,176.628112,ms/op,UpdateDeleteTasks10PercConflicts,10,50000
org.eclipse.epsilon.peacemaker.benchmarks.PSLBenchmarks.EMFDiffMerge,avgt,1,10,4968.195431,183.888579,ms/op,UpdateDeleteTasks10PercConflicts,10,100000
org.eclipse.epsilon.peacemaker.benchmarks.PSLBenchmarks.EMFDiffMerge,avgt,1,10,8110.977617,437.156985,ms/op,UpdateDeleteTasks10PercConflicts,10,150000
org.eclipse.epsilon.peacemaker.benchmarks.PSLBenchmarks.EMFDiffMerge,avgt,1,10,11468.388564,347.061889,ms/op,UpdateDeleteTasks10PercConflicts,10,200000
org.eclipse.epsilon.peacemaker.benchmarks.PSLBenchmarks.EMFDiffMerge,avgt,1,10,30.706123,0.351752,ms/op,UpdateDeleteTasks50PercConflicts,10,1000
org.eclipse.epsilon.peacemaker.benchmarks.PSLBenchmarks.EMFDiffMerge,avgt,1,10,65.748616,1.560594,ms/op,UpdateDeleteTasks50PercConflicts,10,2000
org.eclipse.epsilon.peacemaker.benchmarks.PSLBenchmarks.EMFDiffMerge,avgt,1,10,168.540294,2.474355,ms/op,UpdateDeleteTasks50PercConflicts,10,5000
org.eclipse.epsilon.peacemaker.benchmarks.PSLBenchmarks.EMFDiffMerge,avgt,1,10,364.012539,5.258861,ms/op,UpdateDeleteTasks50PercConflicts,10,10000
org.eclipse.epsilon.peacemaker.benchmarks.PSLBenchmarks.EMFDiffMerge,avgt,1,10,528.221404,10.883985,ms/op,UpdateDeleteTasks50PercConflicts,10,15000
org.eclipse.epsilon.peacemaker.benchmarks.PSLBenchmarks.EMFDiffMerge,avgt,1,10,1324.237901,121.089718,ms/op,UpdateDeleteTasks50PercConflicts,10,30000
org.eclipse.epsilon.peacemaker.benchmarks.PSLBenchmarks.EMFDiffMerge,avgt,1,10,2288.071023,178.308572,ms/op,UpdateDeleteTasks50PercConflicts,10,50000
org.eclipse.epsilon.peacemaker.benchmarks.PSLBenchmarks.EMFDiffMerge,avgt,1,10,5175.290521,298.930828,ms/op,UpdateDeleteTasks50PercConflicts,10,100000
org.eclipse.epsilon.peacemaker.benchmarks.PSLBenchmarks.EMFDiffMerge,avgt,1,10,8306.466766,412.860885,ms/op,UpdateDeleteTasks50PercConflicts,10,150000
org.eclipse.epsilon.peacemaker.benchmarks.PSLBenchmarks.EMFDiffMerge,avgt,1,10,11479.748924,430.906521,ms/op,UpdateDeleteTasks50PercConflicts,10,200000
org.eclipse.epsilon.peacemaker.benchmarks.PSLBenchmarks.EMFDiffMerge,avgt,1,10,31.702513,0.304863,ms/op,UpdateDeleteTasks100PercConflicts,10,1000
org.eclipse.epsilon.peacemaker.benchmarks.PSLBenchmarks.EMFDiffMerge,avgt,1,10,65.183989,0.854575,ms/op,UpdateDeleteTasks100PercConflicts,10,2000
org.eclipse.epsilon.peacemaker.benchmarks.PSLBenchmarks.EMFDiffMerge,avgt,1,10,179.758044,1.518348,ms/op,UpdateDeleteTasks100PercConflicts,10,5000
org.eclipse.epsilon.peacemaker.benchmarks.PSLBenchmarks.EMFDiffMerge,avgt,1,10,374.017211,6.276603,ms/op,UpdateDeleteTasks100PercConflicts,10,10000
org.eclipse.epsilon.peacemaker.benchmarks.PSLBenchmarks.EMFDiffMerge,avgt,1,10,533.373863,20.811003,ms/op,UpdateDeleteTasks100PercConflicts,10,15000
org.eclipse.epsilon.peacemaker.benchmarks.PSLBenchmarks.EMFDiffMerge,avgt,1,10,1358.555150,141.094180,ms/op,UpdateDeleteTasks100PercConflicts,10,30000
org.eclipse.epsilon.peacemaker.benchmarks.PSLBenchmarks.EMFDiffMerge,avgt,1,10,2417.348437,165.363103,ms/op,UpdateDeleteTasks100PercConflicts,10,50000
org.eclipse.epsilon.peacemaker.benchmarks.PSLBenchmarks.EMFDiffMerge,avgt,1,10,5240.593616,418.132642,ms/op,UpdateDeleteTasks100PercConflicts,10,100000
org.eclipse.epsilon.peacemaker.benchmarks.PSLBenchmarks.EMFDiffMerge,avgt,1,10,8461.461146,387.401507,ms/op,UpdateDeleteTasks100PercConflicts,10,150000
org.eclipse.epsilon.peacemaker.benchmarks.PSLBenchmarks.EMFDiffMerge,avgt,1,10,12276.017994,1039.001691,ms/op,UpdateDeleteTasks100PercConflicts,10,200000
org.eclipse.epsilon.peacemaker.benchmarks.PSLBenchmarks.XMILoad,avgt,1,10,4.219141,0.066406,ms/op,UpdateDeleteTasks,10,1000
org.eclipse.epsilon.peacemaker.benchmarks.PSLBenchmarks.XMILoad,avgt,1,10,8.574008,0.116377,ms/op,UpdateDeleteTasks,10,2000
org.eclipse.epsilon.peacemaker.benchmarks.PSLBenchmarks.XMILoad,avgt,1,10,21.480023,0.469546,ms/op,UpdateDeleteTasks,10,5000
org.eclipse.epsilon.peacemaker.benchmarks.PSLBenchmarks.XMILoad,avgt,1,10,46.280369,0.342444,ms/op,UpdateDeleteTasks,10,10000
org.eclipse.epsilon.peacemaker.benchmarks.PSLBenchmarks.XMILoad,avgt,1,10,69.499416,0.806308,ms/op,UpdateDeleteTasks,10,15000
org.eclipse.epsilon.peacemaker.benchmarks.PSLBenchmarks.XMILoad,avgt,1,10,141.803141,0.951593,ms/op,UpdateDeleteTasks,10,30000
org.eclipse.epsilon.peacemaker.benchmarks.PSLBenchmarks.XMILoad,avgt,1,10,229.293768,3.765532,ms/op,UpdateDeleteTasks,10,50000
org.eclipse.epsilon.peacemaker.benchmarks.PSLBenchmarks.XMILoad,avgt,1,10,569.928752,39.924664,ms/op,UpdateDeleteTasks,10,100000
org.eclipse.epsilon.peacemaker.benchmarks.PSLBenchmarks.XMILoad,avgt,1,10,885.968444,53.007533,ms/op,UpdateDeleteTasks,10,150000
org.eclipse.epsilon.peacemaker.benchmarks.PSLBenchmarks.XMILoad,avgt,1,10,1140.270759,30.394188,ms/op,UpdateDeleteTasks,10,200000
org.eclipse.epsilon.peacemaker.benchmarks.PSLBenchmarks.XMILoad,avgt,1,10,4.345894,0.071050,ms/op,DoubleUpdateTasks,10,1000
org.eclipse.epsilon.peacemaker.benchmarks.PSLBenchmarks.XMILoad,avgt,1,10,8.272099,0.111755,ms/op,DoubleUpdateTasks,10,2000
org.eclipse.epsilon.peacemaker.benchmarks.PSLBenchmarks.XMILoad,avgt,1,10,22.321407,0.404332,ms/op,DoubleUpdateTasks,10,5000
org.eclipse.epsilon.peacemaker.benchmarks.PSLBenchmarks.XMILoad,avgt,1,10,44.638443,0.811698,ms/op,DoubleUpdateTasks,10,10000
org.eclipse.epsilon.peacemaker.benchmarks.PSLBenchmarks.XMILoad,avgt,1,10,68.468086,0.664489,ms/op,DoubleUpdateTasks,10,15000
org.eclipse.epsilon.peacemaker.benchmarks.PSLBenchmarks.XMILoad,avgt,1,10,132.696827,2.203122,ms/op,DoubleUpdateTasks,10,30000
org.eclipse.epsilon.peacemaker.benchmarks.PSLBenchmarks.XMILoad,avgt,1,10,239.790738,2.863306,ms/op,DoubleUpdateTasks,10,50000
org.eclipse.epsilon.peacemaker.benchmarks.PSLBenchmarks.XMILoad,avgt,1,10,561.927296,41.071335,ms/op,DoubleUpdateTasks,10,100000
org.eclipse.epsilon.peacemaker.benchmarks.PSLBenchmarks.XMILoad,avgt,1,10,872.687060,46.586001,ms/op,DoubleUpdateTasks,10,150000
org.eclipse.epsilon.peacemaker.benchmarks.PSLBenchmarks.XMILoad,avgt,1,10,1171.063861,55.867799,ms/op,DoubleUpdateTasks,10,200000
org.eclipse.epsilon.peacemaker.benchmarks.PSLBenchmarks.XMILoad,avgt,1,10,4.225185,0.073335,ms/op,UpdateDeleteTasks10PercChanges,10,1000
org.eclipse.epsilon.peacemaker.benchmarks.PSLBenchmarks.XMILoad,avgt,1,10,8.356582,0.106969,ms/op,UpdateDeleteTasks10PercChanges,10,2000
org.eclipse.epsilon.peacemaker.benchmarks.PSLBenchmarks.XMILoad,avgt,1,10,21.816681,0.408952,ms/op,UpdateDeleteTasks10PercChanges,10,5000
org.eclipse.epsilon.peacemaker.benchmarks.PSLBenchmarks.XMILoad,avgt,1,10,45.011572,0.735233,ms/op,UpdateDeleteTasks10PercChanges,10,10000
org.eclipse.epsilon.peacemaker.benchmarks.PSLBenchmarks.XMILoad,avgt,1,10,71.725353,0.998290,ms/op,UpdateDeleteTasks10PercChanges,10,15000
org.eclipse.epsilon.peacemaker.benchmarks.PSLBenchmarks.XMILoad,avgt,1,10,133.660487,1.730709,ms/op,UpdateDeleteTasks10PercChanges,10,30000
org.eclipse.epsilon.peacemaker.benchmarks.PSLBenchmarks.XMILoad,avgt,1,10,225.107259,3.133274,ms/op,UpdateDeleteTasks10PercChanges,10,50000
org.eclipse.epsilon.peacemaker.benchmarks.PSLBenchmarks.XMILoad,avgt,1,10,542.360379,30.988994,ms/op,UpdateDeleteTasks10PercChanges,10,100000
org.eclipse.epsilon.peacemaker.benchmarks.PSLBenchmarks.XMILoad,avgt,1,10,902.001477,48.169058,ms/op,UpdateDeleteTasks10PercChanges,10,150000
org.eclipse.epsilon.peacemaker.benchmarks.PSLBenchmarks.XMILoad,avgt,1,10,1150.954857,87.379596,ms/op,UpdateDeleteTasks10PercChanges,10,200000
org.eclipse.epsilon.peacemaker.benchmarks.PSLBenchmarks.XMILoad,avgt,1,10,4.437014,0.104773,ms/op,UpdateDeleteTasks50PercChanges,10,1000
org.eclipse.epsilon.peacemaker.benchmarks.PSLBenchmarks.XMILoad,avgt,1,10,8.347556,0.167213,ms/op,UpdateDeleteTasks50PercChanges,10,2000
org.eclipse.epsilon.peacemaker.benchmarks.PSLBenchmarks.XMILoad,avgt,1,10,23.295260,0.235114,ms/op,UpdateDeleteTasks50PercChanges,10,5000
org.eclipse.epsilon.peacemaker.benchmarks.PSLBenchmarks.XMILoad,avgt,1,10,45.701235,0.734236,ms/op,UpdateDeleteTasks50PercChanges,10,10000
org.eclipse.epsilon.peacemaker.benchmarks.PSLBenchmarks.XMILoad,avgt,1,10,67.889012,0.806511,ms/op,UpdateDeleteTasks50PercChanges,10,15000
org.eclipse.epsilon.peacemaker.benchmarks.PSLBenchmarks.XMILoad,avgt,1,10,132.333939,2.011945,ms/op,UpdateDeleteTasks50PercChanges,10,30000
org.eclipse.epsilon.peacemaker.benchmarks.PSLBenchmarks.XMILoad,avgt,1,10,231.509311,5.783330,ms/op,UpdateDeleteTasks50PercChanges,10,50000
org.eclipse.epsilon.peacemaker.benchmarks.PSLBenchmarks.XMILoad,avgt,1,10,556.796963,17.730448,ms/op,UpdateDeleteTasks50PercChanges,10,100000
org.eclipse.epsilon.peacemaker.benchmarks.PSLBenchmarks.XMILoad,avgt,1,10,854.458726,30.603199,ms/op,UpdateDeleteTasks50PercChanges,10,150000
org.eclipse.epsilon.peacemaker.benchmarks.PSLBenchmarks.XMILoad,avgt,1,10,1148.189325,84.050238,ms/op,UpdateDeleteTasks50PercChanges,10,200000
org.eclipse.epsilon.peacemaker.benchmarks.PSLBenchmarks.XMILoad,avgt,1,10,4.272039,0.072534,ms/op,UpdateDeleteTasks100PercChanges,10,1000
org.eclipse.epsilon.peacemaker.benchmarks.PSLBenchmarks.XMILoad,avgt,1,10,8.394649,0.113299,ms/op,UpdateDeleteTasks100PercChanges,10,2000
org.eclipse.epsilon.peacemaker.benchmarks.PSLBenchmarks.XMILoad,avgt,1,10,22.412061,0.164437,ms/op,UpdateDeleteTasks100PercChanges,10,5000
org.eclipse.epsilon.peacemaker.benchmarks.PSLBenchmarks.XMILoad,avgt,1,10,44.139342,0.526373,ms/op,UpdateDeleteTasks100PercChanges,10,10000
org.eclipse.epsilon.peacemaker.benchmarks.PSLBenchmarks.XMILoad,avgt,1,10,67.839819,0.626448,ms/op,UpdateDeleteTasks100PercChanges,10,15000
org.eclipse.epsilon.peacemaker.benchmarks.PSLBenchmarks.XMILoad,avgt,1,10,132.998108,1.717724,ms/op,UpdateDeleteTasks100PercChanges,10,30000
org.eclipse.epsilon.peacemaker.benchmarks.PSLBenchmarks.XMILoad,avgt,1,10,227.147442,3.098679,ms/op,UpdateDeleteTasks100PercChanges,10,50000
org.eclipse.epsilon.peacemaker.benchmarks.PSLBenchmarks.XMILoad,avgt,1,10,545.039130,27.085571,ms/op,UpdateDeleteTasks100PercChanges,10,100000
org.eclipse.epsilon.peacemaker.benchmarks.PSLBenchmarks.XMILoad,avgt,1,10,852.745007,42.456730,ms/op,UpdateDeleteTasks100PercChanges,10,150000
org.eclipse.epsilon.peacemaker.benchmarks.PSLBenchmarks.XMILoad,avgt,1,10,1127.676261,78.366141,ms/op,UpdateDeleteTasks100PercChanges,10,200000
org.eclipse.epsilon.peacemaker.benchmarks.PSLBenchmarks.XMILoad,avgt,1,10,4.363050,0.078334,ms/op,UpdateDeleteTasks10PercConflicts,10,1000
org.eclipse.epsilon.peacemaker.benchmarks.PSLBenchmarks.XMILoad,avgt,1,10,8.523407,0.145679,ms/op,UpdateDeleteTasks10PercConflicts,10,2000
org.eclipse.epsilon.peacemaker.benchmarks.PSLBenchmarks.XMILoad,avgt,1,10,22.499509,0.254272,ms/op,UpdateDeleteTasks10PercConflicts,10,5000
org.eclipse.epsilon.peacemaker.benchmarks.PSLBenchmarks.XMILoad,avgt,1,10,44.434101,0.918205,ms/op,UpdateDeleteTasks10PercConflicts,10,10000
org.eclipse.epsilon.peacemaker.benchmarks.PSLBenchmarks.XMILoad,avgt,1,10,69.840376,0.920032,ms/op,UpdateDeleteTasks10PercConflicts,10,15000
org.eclipse.epsilon.peacemaker.benchmarks.PSLBenchmarks.XMILoad,avgt,1,10,140.104631,1.900094,ms/op,UpdateDeleteTasks10PercConflicts,10,30000
org.eclipse.epsilon.peacemaker.benchmarks.PSLBenchmarks.XMILoad,avgt,1,10,234.656044,3.541175,ms/op,UpdateDeleteTasks10PercConflicts,10,50000
org.eclipse.epsilon.peacemaker.benchmarks.PSLBenchmarks.XMILoad,avgt,1,10,555.790130,54.701385,ms/op,UpdateDeleteTasks10PercConflicts,10,100000
org.eclipse.epsilon.peacemaker.benchmarks.PSLBenchmarks.XMILoad,avgt,1,10,858.038778,41.681139,ms/op,UpdateDeleteTasks10PercConflicts,10,150000
org.eclipse.epsilon.peacemaker.benchmarks.PSLBenchmarks.XMILoad,avgt,1,10,1188.476582,57.344975,ms/op,UpdateDeleteTasks10PercConflicts,10,200000
org.eclipse.epsilon.peacemaker.benchmarks.PSLBenchmarks.XMILoad,avgt,1,10,4.221289,0.081185,ms/op,UpdateDeleteTasks50PercConflicts,10,1000
org.eclipse.epsilon.peacemaker.benchmarks.PSLBenchmarks.XMILoad,avgt,1,10,8.410064,0.114571,ms/op,UpdateDeleteTasks50PercConflicts,10,2000
org.eclipse.epsilon.peacemaker.benchmarks.PSLBenchmarks.XMILoad,avgt,1,10,21.589334,0.268394,ms/op,UpdateDeleteTasks50PercConflicts,10,5000
org.eclipse.epsilon.peacemaker.benchmarks.PSLBenchmarks.XMILoad,avgt,1,10,44.415988,1.186546,ms/op,UpdateDeleteTasks50PercConflicts,10,10000
org.eclipse.epsilon.peacemaker.benchmarks.PSLBenchmarks.XMILoad,avgt,1,10,68.510098,2.698889,ms/op,UpdateDeleteTasks50PercConflicts,10,15000
org.eclipse.epsilon.peacemaker.benchmarks.PSLBenchmarks.XMILoad,avgt,1,10,136.951106,1.459658,ms/op,UpdateDeleteTasks50PercConflicts,10,30000
org.eclipse.epsilon.peacemaker.benchmarks.PSLBenchmarks.XMILoad,avgt,1,10,231.219871,2.790299,ms/op,UpdateDeleteTasks50PercConflicts,10,50000
org.eclipse.epsilon.peacemaker.benchmarks.PSLBenchmarks.XMILoad,avgt,1,10,564.049211,28.717954,ms/op,UpdateDeleteTasks50PercConflicts,10,100000
org.eclipse.epsilon.peacemaker.benchmarks.PSLBenchmarks.XMILoad,avgt,1,10,849.586510,44.451033,ms/op,UpdateDeleteTasks50PercConflicts,10,150000
org.eclipse.epsilon.peacemaker.benchmarks.PSLBenchmarks.XMILoad,avgt,1,10,1193.739675,64.952888,ms/op,UpdateDeleteTasks50PercConflicts,10,200000
org.eclipse.epsilon.peacemaker.benchmarks.PSLBenchmarks.XMILoad,avgt,1,10,4.145564,0.064568,ms/op,UpdateDeleteTasks100PercConflicts,10,1000
org.eclipse.epsilon.peacemaker.benchmarks.PSLBenchmarks.XMILoad,avgt,1,10,8.428026,0.159543,ms/op,UpdateDeleteTasks100PercConflicts,10,2000
org.eclipse.epsilon.peacemaker.benchmarks.PSLBenchmarks.XMILoad,avgt,1,10,22.305307,0.273272,ms/op,UpdateDeleteTasks100PercConflicts,10,5000
org.eclipse.epsilon.peacemaker.benchmarks.PSLBenchmarks.XMILoad,avgt,1,10,44.281296,0.569938,ms/op,UpdateDeleteTasks100PercConflicts,10,10000
org.eclipse.epsilon.peacemaker.benchmarks.PSLBenchmarks.XMILoad,avgt,1,10,67.839138,0.785843,ms/op,UpdateDeleteTasks100PercConflicts,10,15000
org.eclipse.epsilon.peacemaker.benchmarks.PSLBenchmarks.XMILoad,avgt,1,10,138.182440,1.741510,ms/op,UpdateDeleteTasks100PercConflicts,10,30000
org.eclipse.epsilon.peacemaker.benchmarks.PSLBenchmarks.XMILoad,avgt,1,10,236.099504,5.730595,ms/op,UpdateDeleteTasks100PercConflicts,10,50000
org.eclipse.epsilon.peacemaker.benchmarks.PSLBenchmarks.XMILoad,avgt,1,10,556.634387,28.840293,ms/op,UpdateDeleteTasks100PercConflicts,10,100000
org.eclipse.epsilon.peacemaker.benchmarks.PSLBenchmarks.XMILoad,avgt,1,10,870.123335,59.222354,ms/op,UpdateDeleteTasks100PercConflicts,10,150000
org.eclipse.epsilon.peacemaker.benchmarks.PSLBenchmarks.XMILoad,avgt,1,10,1155.095355,73.942622,ms/op,UpdateDeleteTasks100PercConflicts,10,200000
org.eclipse.epsilon.peacemaker.benchmarks.PSLBenchmarks.ParallelPeacemaker,avgt,1,10,8.610260,0.263821,ms/op,UpdateDeleteTasks,10,1000
org.eclipse.epsilon.peacemaker.benchmarks.PSLBenchmarks.ParallelPeacemaker,avgt,1,10,17.095702,0.141786,ms/op,UpdateDeleteTasks,10,2000
org.eclipse.epsilon.peacemaker.benchmarks.PSLBenchmarks.ParallelPeacemaker,avgt,1,10,44.126390,1.059298,ms/op,UpdateDeleteTasks,10,5000
org.eclipse.epsilon.peacemaker.benchmarks.PSLBenchmarks.ParallelPeacemaker,avgt,1,10,87.507965,0.499088,ms/op,UpdateDeleteTasks,10,10000
org.eclipse.epsilon.peacemaker.benchmarks.PSLBenchmarks.ParallelPeacemaker,avgt,1,10,129.149259,0.722538,ms/op,UpdateDeleteTasks,10,15000
org.eclipse.epsilon.peacemaker.benchmarks.PSLBenchmarks.ParallelPeacemaker,avgt,1,10,262.680739,4.268690,ms/op,UpdateDeleteTasks,10,30000
org.eclipse.epsilon.peacemaker.benchmarks.PSLBenchmarks.ParallelPeacemaker,avgt,1,10,617.229053,97.450267,ms/op,UpdateDeleteTasks,10,50000
org.eclipse.epsilon.peacemaker.benchmarks.PSLBenchmarks.ParallelPeacemaker,avgt,1,10,1332.487787,73.001613,ms/op,UpdateDeleteTasks,10,100000
org.eclipse.epsilon.peacemaker.benchmarks.PSLBenchmarks.ParallelPeacemaker,avgt,1,10,2159.726412,168.201862,ms/op,UpdateDeleteTasks,10,150000
org.eclipse.epsilon.peacemaker.benchmarks.PSLBenchmarks.ParallelPeacemaker,avgt,1,10,2935.356528,267.992613,ms/op,UpdateDeleteTasks,10,200000
org.eclipse.epsilon.peacemaker.benchmarks.PSLBenchmarks.ParallelPeacemaker,avgt,1,10,8.792656,0.324012,ms/op,DoubleUpdateTasks,10,1000
org.eclipse.epsilon.peacemaker.benchmarks.PSLBenchmarks.ParallelPeacemaker,avgt,1,10,17.317834,0.264990,ms/op,DoubleUpdateTasks,10,2000
org.eclipse.epsilon.peacemaker.benchmarks.PSLBenchmarks.ParallelPeacemaker,avgt,1,10,43.445172,0.628872,ms/op,DoubleUpdateTasks,10,5000
org.eclipse.epsilon.peacemaker.benchmarks.PSLBenchmarks.ParallelPeacemaker,avgt,1,10,88.587731,2.073401,ms/op,DoubleUpdateTasks,10,10000
org.eclipse.epsilon.peacemaker.benchmarks.PSLBenchmarks.ParallelPeacemaker,avgt,1,10,129.192103,1.287333,ms/op,DoubleUpdateTasks,10,15000
org.eclipse.epsilon.peacemaker.benchmarks.PSLBenchmarks.ParallelPeacemaker,avgt,1,10,331.329562,47.694379,ms/op,DoubleUpdateTasks,10,30000
org.eclipse.epsilon.peacemaker.benchmarks.PSLBenchmarks.ParallelPeacemaker,avgt,1,10,606.108202,111.955410,ms/op,DoubleUpdateTasks,10,50000
org.eclipse.epsilon.peacemaker.benchmarks.PSLBenchmarks.ParallelPeacemaker,avgt,1,10,1370.126313,162.543915,ms/op,DoubleUpdateTasks,10,100000
org.eclipse.epsilon.peacemaker.benchmarks.PSLBenchmarks.ParallelPeacemaker,avgt,1,10,2208.246346,183.668128,ms/op,DoubleUpdateTasks,10,150000
org.eclipse.epsilon.peacemaker.benchmarks.PSLBenchmarks.ParallelPeacemaker,avgt,1,10,2869.311760,228.453558,ms/op,DoubleUpdateTasks,10,200000
org.eclipse.epsilon.peacemaker.benchmarks.PSLBenchmarks.ParallelPeacemaker,avgt,1,10,8.991491,0.213587,ms/op,UpdateDeleteTasks10PercChanges,10,1000
org.eclipse.epsilon.peacemaker.benchmarks.PSLBenchmarks.ParallelPeacemaker,avgt,1,10,17.491239,0.256415,ms/op,UpdateDeleteTasks10PercChanges,10,2000
org.eclipse.epsilon.peacemaker.benchmarks.PSLBenchmarks.ParallelPeacemaker,avgt,1,10,43.471975,0.611074,ms/op,UpdateDeleteTasks10PercChanges,10,5000
org.eclipse.epsilon.peacemaker.benchmarks.PSLBenchmarks.ParallelPeacemaker,avgt,1,10,109.200771,9.345400,ms/op,UpdateDeleteTasks10PercChanges,10,10000
org.eclipse.epsilon.peacemaker.benchmarks.PSLBenchmarks.ParallelPeacemaker,avgt,1,10,128.433186,1.169344,ms/op,UpdateDeleteTasks10PercChanges,10,15000
org.eclipse.epsilon.peacemaker.benchmarks.PSLBenchmarks.ParallelPeacemaker,avgt,1,10,265.568591,3.844773,ms/op,UpdateDeleteTasks10PercChanges,10,30000
org.eclipse.epsilon.peacemaker.benchmarks.PSLBenchmarks.ParallelPeacemaker,avgt,1,10,604.647723,67.112691,ms/op,UpdateDeleteTasks10PercChanges,10,50000
org.eclipse.epsilon.peacemaker.benchmarks.PSLBenchmarks.ParallelPeacemaker,avgt,1,10,1354.133807,133.573946,ms/op,UpdateDeleteTasks10PercChanges,10,100000
org.eclipse.epsilon.peacemaker.benchmarks.PSLBenchmarks.ParallelPeacemaker,avgt,1,10,2239.376690,182.763994,ms/op,UpdateDeleteTasks10PercChanges,10,150000
org.eclipse.epsilon.peacemaker.benchmarks.PSLBenchmarks.ParallelPeacemaker,avgt,1,10,2918.516814,311.502609,ms/op,UpdateDeleteTasks10PercChanges,10,200000
org.eclipse.epsilon.peacemaker.benchmarks.PSLBenchmarks.ParallelPeacemaker,avgt,1,10,9.052829,0.173723,ms/op,UpdateDeleteTasks50PercChanges,10,1000
org.eclipse.epsilon.peacemaker.benchmarks.PSLBenchmarks.ParallelPeacemaker,avgt,1,10,16.962021,0.193093,ms/op,UpdateDeleteTasks50PercChanges,10,2000
org.eclipse.epsilon.peacemaker.benchmarks.PSLBenchmarks.ParallelPeacemaker,avgt,1,10,43.865496,0.481174,ms/op,UpdateDeleteTasks50PercChanges,10,5000
org.eclipse.epsilon.peacemaker.benchmarks.PSLBenchmarks.ParallelPeacemaker,avgt,1,10,86.989448,0.842461,ms/op,UpdateDeleteTasks50PercChanges,10,10000
org.eclipse.epsilon.peacemaker.benchmarks.PSLBenchmarks.ParallelPeacemaker,avgt,1,10,127.069842,1.021532,ms/op,UpdateDeleteTasks50PercChanges,10,15000
org.eclipse.epsilon.peacemaker.benchmarks.PSLBenchmarks.ParallelPeacemaker,avgt,1,10,257.889615,2.816516,ms/op,UpdateDeleteTasks50PercChanges,10,30000
org.eclipse.epsilon.peacemaker.benchmarks.PSLBenchmarks.ParallelPeacemaker,avgt,1,10,578.069343,70.103442,ms/op,UpdateDeleteTasks50PercChanges,10,50000
org.eclipse.epsilon.peacemaker.benchmarks.PSLBenchmarks.ParallelPeacemaker,avgt,1,10,1344.990309,148.539816,ms/op,UpdateDeleteTasks50PercChanges,10,100000
org.eclipse.epsilon.peacemaker.benchmarks.PSLBenchmarks.ParallelPeacemaker,avgt,1,10,2205.295261,184.488302,ms/op,UpdateDeleteTasks50PercChanges,10,150000
org.eclipse.epsilon.peacemaker.benchmarks.PSLBenchmarks.ParallelPeacemaker,avgt,1,10,3047.119131,425.323878,ms/op,UpdateDeleteTasks50PercChanges,10,200000
org.eclipse.epsilon.peacemaker.benchmarks.PSLBenchmarks.ParallelPeacemaker,avgt,1,10,8.720851,0.206526,ms/op,UpdateDeleteTasks100PercChanges,10,1000
org.eclipse.epsilon.peacemaker.benchmarks.PSLBenchmarks.ParallelPeacemaker,avgt,1,10,17.938599,0.289472,ms/op,UpdateDeleteTasks100PercChanges,10,2000
org.eclipse.epsilon.peacemaker.benchmarks.PSLBenchmarks.ParallelPeacemaker,avgt,1,10,43.991180,0.726327,ms/op,UpdateDeleteTasks100PercChanges,10,5000
org.eclipse.epsilon.peacemaker.benchmarks.PSLBenchmarks.ParallelPeacemaker,avgt,1,10,88.423458,0.716209,ms/op,UpdateDeleteTasks100PercChanges,10,10000
org.eclipse.epsilon.peacemaker.benchmarks.PSLBenchmarks.ParallelPeacemaker,avgt,1,10,128.827624,2.245136,ms/op,UpdateDeleteTasks100PercChanges,10,15000
org.eclipse.epsilon.peacemaker.benchmarks.PSLBenchmarks.ParallelPeacemaker,avgt,1,10,258.637822,5.149690,ms/op,UpdateDeleteTasks100PercChanges,10,30000
org.eclipse.epsilon.peacemaker.benchmarks.PSLBenchmarks.ParallelPeacemaker,avgt,1,10,612.162488,76.850902,ms/op,UpdateDeleteTasks100PercChanges,10,50000
org.eclipse.epsilon.peacemaker.benchmarks.PSLBenchmarks.ParallelPeacemaker,avgt,1,10,1355.618676,200.776694,ms/op,UpdateDeleteTasks100PercChanges,10,100000
org.eclipse.epsilon.peacemaker.benchmarks.PSLBenchmarks.ParallelPeacemaker,avgt,1,10,2321.700619,198.136054,ms/op,UpdateDeleteTasks100PercChanges,10,150000
org.eclipse.epsilon.peacemaker.benchmarks.PSLBenchmarks.ParallelPeacemaker,avgt,1,10,2979.191557,313.200483,ms/op,UpdateDeleteTasks100PercChanges,10,200000
org.eclipse.epsilon.peacemaker.benchmarks.PSLBenchmarks.ParallelPeacemaker,avgt,1,10,9.398576,0.266684,ms/op,UpdateDeleteTasks10PercConflicts,10,1000
org.eclipse.epsilon.peacemaker.benchmarks.PSLBenchmarks.ParallelPeacemaker,avgt,1,10,17.926046,0.293497,ms/op,UpdateDeleteTasks10PercConflicts,10,2000
org.eclipse.epsilon.peacemaker.benchmarks.PSLBenchmarks.ParallelPeacemaker,avgt,1,10,47.003258,0.525888,ms/op,UpdateDeleteTasks10PercConflicts,10,5000
org.eclipse.epsilon.peacemaker.benchmarks.PSLBenchmarks.ParallelPeacemaker,avgt,1,10,91.677309,1.627811,ms/op,UpdateDeleteTasks10PercConflicts,10,10000
org.eclipse.epsilon.peacemaker.benchmarks.PSLBenchmarks.ParallelPeacemaker,avgt,1,10,133.280532,1.666684,ms/op,UpdateDeleteTasks10PercConflicts,10,15000
org.eclipse.epsilon.peacemaker.benchmarks.PSLBenchmarks.ParallelPeacemaker,avgt,1,10,277.880536,3.870745,ms/op,UpdateDeleteTasks10PercConflicts,10,30000
org.eclipse.epsilon.peacemaker.benchmarks.PSLBenchmarks.ParallelPeacemaker,avgt,1,10,614.088313,93.157812,ms/op,UpdateDeleteTasks10PercConflicts,10,50000
org.eclipse.epsilon.peacemaker.benchmarks.PSLBenchmarks.ParallelPeacemaker,avgt,1,10,1440.605981,124.029077,ms/op,UpdateDeleteTasks10PercConflicts,10,100000
org.eclipse.epsilon.peacemaker.benchmarks.PSLBenchmarks.ParallelPeacemaker,avgt,1,10,2279.726628,232.555277,ms/op,UpdateDeleteTasks10PercConflicts,10,150000
org.eclipse.epsilon.peacemaker.benchmarks.PSLBenchmarks.ParallelPeacemaker,avgt,1,10,2968.311825,240.420421,ms/op,UpdateDeleteTasks10PercConflicts,10,200000
org.eclipse.epsilon.peacemaker.benchmarks.PSLBenchmarks.ParallelPeacemaker,avgt,1,10,11.290941,0.212731,ms/op,UpdateDeleteTasks50PercConflicts,10,1000
org.eclipse.epsilon.peacemaker.benchmarks.PSLBenchmarks.ParallelPeacemaker,avgt,1,10,22.067753,0.301511,ms/op,UpdateDeleteTasks50PercConflicts,10,2000
org.eclipse.epsilon.peacemaker.benchmarks.PSLBenchmarks.ParallelPeacemaker,avgt,1,10,55.054324,1.233100,ms/op,UpdateDeleteTasks50PercConflicts,10,5000
org.eclipse.epsilon.peacemaker.benchmarks.PSLBenchmarks.ParallelPeacemaker,avgt,1,10,110.142644,2.506458,ms/op,UpdateDeleteTasks50PercConflicts,10,10000
org.eclipse.epsilon.peacemaker.benchmarks.PSLBenchmarks.ParallelPeacemaker,avgt,1,10,168.706456,3.650889,ms/op,UpdateDeleteTasks50PercConflicts,10,15000
org.eclipse.epsilon.peacemaker.benchmarks.PSLBenchmarks.ParallelPeacemaker,avgt,1,10,417.932324,58.567309,ms/op,UpdateDeleteTasks50PercConflicts,10,30000
org.eclipse.epsilon.peacemaker.benchmarks.PSLBenchmarks.ParallelPeacemaker,avgt,1,10,564.890203,11.984173,ms/op,UpdateDeleteTasks50PercConflicts,10,50000
org.eclipse.epsilon.peacemaker.benchmarks.PSLBenchmarks.ParallelPeacemaker,avgt,1,10,1658.678855,171.631824,ms/op,UpdateDeleteTasks50PercConflicts,10,100000
org.eclipse.epsilon.peacemaker.benchmarks.PSLBenchmarks.ParallelPeacemaker,avgt,1,10,2464.416326,471.552604,ms/op,UpdateDeleteTasks50PercConflicts,10,150000
org.eclipse.epsilon.peacemaker.benchmarks.PSLBenchmarks.ParallelPeacemaker,avgt,1,10,3457.166185,239.344238,ms/op,UpdateDeleteTasks50PercConflicts,10,200000
org.eclipse.epsilon.peacemaker.benchmarks.PSLBenchmarks.ParallelPeacemaker,avgt,1,10,13.312491,0.299994,ms/op,UpdateDeleteTasks100PercConflicts,10,1000
org.eclipse.epsilon.peacemaker.benchmarks.PSLBenchmarks.ParallelPeacemaker,avgt,1,10,25.724070,0.375910,ms/op,UpdateDeleteTasks100PercConflicts,10,2000
org.eclipse.epsilon.peacemaker.benchmarks.PSLBenchmarks.ParallelPeacemaker,avgt,1,10,63.863803,0.691100,ms/op,UpdateDeleteTasks100PercConflicts,10,5000
org.eclipse.epsilon.peacemaker.benchmarks.PSLBenchmarks.ParallelPeacemaker,avgt,1,10,129.478711,2.411064,ms/op,UpdateDeleteTasks100PercConflicts,10,10000
org.eclipse.epsilon.peacemaker.benchmarks.PSLBenchmarks.ParallelPeacemaker,avgt,1,10,196.523072,2.269022,ms/op,UpdateDeleteTasks100PercConflicts,10,15000
org.eclipse.epsilon.peacemaker.benchmarks.PSLBenchmarks.ParallelPeacemaker,avgt,1,10,400.840663,6.106876,ms/op,UpdateDeleteTasks100PercConflicts,10,30000
org.eclipse.epsilon.peacemaker.benchmarks.PSLBenchmarks.ParallelPeacemaker,avgt,1,10,725.342305,81.536242,ms/op,UpdateDeleteTasks100PercConflicts,10,50000
org.eclipse.epsilon.peacemaker.benchmarks.PSLBenchmarks.ParallelPeacemaker,avgt,1,10,2000.354976,370.957999,ms/op,UpdateDeleteTasks100PercConflicts,10,100000
org.eclipse.epsilon.peacemaker.benchmarks.PSLBenchmarks.ParallelPeacemaker,avgt,1,10,2852.239181,386.713814,ms/op,UpdateDeleteTasks100PercConflicts,10,150000
org.eclipse.epsilon.peacemaker.benchmarks.PSLBenchmarks.ParallelPeacemaker,avgt,1,10,3902.891153,568.176101,ms/op,UpdateDeleteTasks100PercConflicts,10,200000
org.eclipse.epsilon.peacemaker.benchmarks.PSLBenchmarks.ParallelPeacemaker,avgt,1,10,2.596135,0.021744,ms/op,UpdateDeleteBox1,10,1000
org.eclipse.epsilon.peacemaker.benchmarks.PSLBenchmarks.ParallelPeacemaker,avgt,1,10,4.690365,0.180704,ms/op,UpdateDeleteBox1,10,2000
org.eclipse.epsilon.peacemaker.benchmarks.PSLBenchmarks.ParallelPeacemaker,avgt,1,10,11.702223,0.303018,ms/op,UpdateDeleteBox1,10,5000
org.eclipse.epsilon.peacemaker.benchmarks.PSLBenchmarks.ParallelPeacemaker,avgt,1,10,22.569903,0.236603,ms/op,UpdateDeleteBox1,10,10000
org.eclipse.epsilon.peacemaker.benchmarks.PSLBenchmarks.ParallelPeacemaker,avgt,1,10,34.652749,0.292258,ms/op,UpdateDeleteBox1,10,15000
org.eclipse.epsilon.peacemaker.benchmarks.PSLBenchmarks.ParallelPeacemaker,avgt,1,10,69.335212,1.699631,ms/op,UpdateDeleteBox1,10,30000
org.eclipse.epsilon.peacemaker.benchmarks.PSLBenchmarks.ParallelPeacemaker,avgt,1,10,118.513485,0.485479,ms/op,UpdateDeleteBox1,10,50000
org.eclipse.epsilon.peacemaker.benchmarks.PSLBenchmarks.ParallelPeacemaker,avgt,1,10,234.682320,4.427954,ms/op,UpdateDeleteBox1,10,100000
org.eclipse.epsilon.peacemaker.benchmarks.PSLBenchmarks.ParallelPeacemaker,avgt,1,10,480.365551,77.375622,ms/op,UpdateDeleteBox1,10,150000
org.eclipse.epsilon.peacemaker.benchmarks.PSLBenchmarks.ParallelPeacemaker,avgt,1,10,727.785628,76.381469,ms/op,UpdateDeleteBox1,10,200000
org.eclipse.epsilon.peacemaker.benchmarks.PSLBenchmarks.ParallelPeacemaker,avgt,1,10,5.046600,0.161876,ms/op,UpdateDeleteBox10,10,1000
org.eclipse.epsilon.peacemaker.benchmarks.PSLBenchmarks.ParallelPeacemaker,avgt,1,10,10.074868,0.261216,ms/op,UpdateDeleteBox10,10,2000
org.eclipse.epsilon.peacemaker.benchmarks.PSLBenchmarks.ParallelPeacemaker,avgt,1,10,24.015246,0.116101,ms/op,UpdateDeleteBox10,10,5000
org.eclipse.epsilon.peacemaker.benchmarks.PSLBenchmarks.ParallelPeacemaker,avgt,1,10,47.006257,0.315048,ms/op,UpdateDeleteBox10,10,10000
org.eclipse.epsilon.peacemaker.benchmarks.PSLBenchmarks.ParallelPeacemaker,avgt,1,10,88.265742,5.239080,ms/op,UpdateDeleteBox10,10,15000
org.eclipse.epsilon.peacemaker.benchmarks.PSLBenchmarks.ParallelPeacemaker,avgt,1,10,188.549739,16.511306,ms/op,UpdateDeleteBox10,10,30000
org.eclipse.epsilon.peacemaker.benchmarks.PSLBenchmarks.ParallelPeacemaker,avgt,1,10,306.593514,41.639366,ms/op,UpdateDeleteBox10,10,50000
org.eclipse.epsilon.peacemaker.benchmarks.PSLBenchmarks.ParallelPeacemaker,avgt,1,10,691.239780,52.538079,ms/op,UpdateDeleteBox10,10,100000
org.eclipse.epsilon.peacemaker.benchmarks.PSLBenchmarks.ParallelPeacemaker,avgt,1,10,1072.296349,105.717876,ms/op,UpdateDeleteBox10,10,150000
org.eclipse.epsilon.peacemaker.benchmarks.PSLBenchmarks.ParallelPeacemaker,avgt,1,10,1501.490776,135.515891,ms/op,UpdateDeleteBox10,10,200000
org.eclipse.epsilon.peacemaker.benchmarks.PSLBenchmarks.ParallelPeacemaker,avgt,1,10,8.324009,0.315350,ms/op,UpdateDeleteBox20,10,1000
org.eclipse.epsilon.peacemaker.benchmarks.PSLBenchmarks.ParallelPeacemaker,avgt,1,10,16.684434,0.273507,ms/op,UpdateDeleteBox20,10,2000
org.eclipse.epsilon.peacemaker.benchmarks.PSLBenchmarks.ParallelPeacemaker,avgt,1,10,39.199489,0.398567,ms/op,UpdateDeleteBox20,10,5000
org.eclipse.epsilon.peacemaker.benchmarks.PSLBenchmarks.ParallelPeacemaker,avgt,1,10,99.055424,4.985099,ms/op,UpdateDeleteBox20,10,10000
org.eclipse.epsilon.peacemaker.benchmarks.PSLBenchmarks.ParallelPeacemaker,avgt,1,10,154.203736,15.963727,ms/op,UpdateDeleteBox20,10,15000
org.eclipse.epsilon.peacemaker.benchmarks.PSLBenchmarks.ParallelPeacemaker,avgt,1,10,282.264804,29.872957,ms/op,UpdateDeleteBox20,10,30000
org.eclipse.epsilon.peacemaker.benchmarks.PSLBenchmarks.ParallelPeacemaker,avgt,1,10,470.843701,64.604929,ms/op,UpdateDeleteBox20,10,50000
org.eclipse.epsilon.peacemaker.benchmarks.PSLBenchmarks.ParallelPeacemaker,avgt,1,10,1123.385738,115.321818,ms/op,UpdateDeleteBox20,10,100000
org.eclipse.epsilon.peacemaker.benchmarks.PSLBenchmarks.ParallelPeacemaker,avgt,1,10,1765.094324,184.594640,ms/op,UpdateDeleteBox20,10,150000
org.eclipse.epsilon.peacemaker.benchmarks.PSLBenchmarks.ParallelPeacemaker,avgt,1,10,2267.949690,193.518035,ms/op,UpdateDeleteBox20,10,200000
org.eclipse.epsilon.peacemaker.benchmarks.PSLBenchmarks.Peacemaker,avgt,1,10,16.280813,0.217120,ms/op,UpdateDeleteTasks,10,1000
org.eclipse.epsilon.peacemaker.benchmarks.PSLBenchmarks.Peacemaker,avgt,1,10,33.746725,0.433349,ms/op,UpdateDeleteTasks,10,2000
org.eclipse.epsilon.peacemaker.benchmarks.PSLBenchmarks.Peacemaker,avgt,1,10,89.308243,0.855434,ms/op,UpdateDeleteTasks,10,5000
org.eclipse.epsilon.peacemaker.benchmarks.PSLBenchmarks.Peacemaker,avgt,1,10,189.969681,4.201035,ms/op,UpdateDeleteTasks,10,10000
org.eclipse.epsilon.peacemaker.benchmarks.PSLBenchmarks.Peacemaker,avgt,1,10,281.389509,18.713775,ms/op,UpdateDeleteTasks,10,15000
org.eclipse.epsilon.peacemaker.benchmarks.PSLBenchmarks.Peacemaker,avgt,1,10,555.989543,7.790338,ms/op,UpdateDeleteTasks,10,30000
org.eclipse.epsilon.peacemaker.benchmarks.PSLBenchmarks.Peacemaker,avgt,1,10,1167.384966,111.844694,ms/op,UpdateDeleteTasks,10,50000
org.eclipse.epsilon.peacemaker.benchmarks.PSLBenchmarks.Peacemaker,avgt,1,10,2385.596103,317.796379,ms/op,UpdateDeleteTasks,10,100000
org.eclipse.epsilon.peacemaker.benchmarks.PSLBenchmarks.Peacemaker,avgt,1,10,3733.485376,154.945916,ms/op,UpdateDeleteTasks,10,150000
org.eclipse.epsilon.peacemaker.benchmarks.PSLBenchmarks.Peacemaker,avgt,1,10,4911.428971,209.773598,ms/op,UpdateDeleteTasks,10,200000
org.eclipse.epsilon.peacemaker.benchmarks.PSLBenchmarks.Peacemaker,avgt,1,10,11.893152,0.132694,ms/op,DoubleUpdateTasks,10,1000
org.eclipse.epsilon.peacemaker.benchmarks.PSLBenchmarks.Peacemaker,avgt,1,10,23.899938,0.322626,ms/op,DoubleUpdateTasks,10,2000
org.eclipse.epsilon.peacemaker.benchmarks.PSLBenchmarks.Peacemaker,avgt,1,10,63.243178,0.770040,ms/op,DoubleUpdateTasks,10,5000
org.eclipse.epsilon.peacemaker.benchmarks.PSLBenchmarks.Peacemaker,avgt,1,10,131.609607,3.672694,ms/op,DoubleUpdateTasks,10,10000
org.eclipse.epsilon.peacemaker.benchmarks.PSLBenchmarks.Peacemaker,avgt,1,10,198.472367,2.318123,ms/op,DoubleUpdateTasks,10,15000
org.eclipse.epsilon.peacemaker.benchmarks.PSLBenchmarks.Peacemaker,avgt,1,10,381.349100,3.461365,ms/op,DoubleUpdateTasks,10,30000
org.eclipse.epsilon.peacemaker.benchmarks.PSLBenchmarks.Peacemaker,avgt,1,10,685.906498,72.940525,ms/op,DoubleUpdateTasks,10,50000
org.eclipse.epsilon.peacemaker.benchmarks.PSLBenchmarks.Peacemaker,avgt,1,10,1678.439343,92.877591,ms/op,DoubleUpdateTasks,10,100000
org.eclipse.epsilon.peacemaker.benchmarks.PSLBenchmarks.Peacemaker,avgt,1,10,2661.928531,280.192882,ms/op,DoubleUpdateTasks,10,150000
org.eclipse.epsilon.peacemaker.benchmarks.PSLBenchmarks.Peacemaker,avgt,1,10,3581.480551,329.532130,ms/op,DoubleUpdateTasks,10,200000
org.eclipse.epsilon.peacemaker.benchmarks.PSLBenchmarks.Peacemaker,avgt,1,10,16.700108,0.249273,ms/op,UpdateDeleteTasks10PercChanges,10,1000
org.eclipse.epsilon.peacemaker.benchmarks.PSLBenchmarks.Peacemaker,avgt,1,10,35.506545,0.634071,ms/op,UpdateDeleteTasks10PercChanges,10,2000
org.eclipse.epsilon.peacemaker.benchmarks.PSLBenchmarks.Peacemaker,avgt,1,10,92.127745,0.927253,ms/op,UpdateDeleteTasks10PercChanges,10,5000
org.eclipse.epsilon.peacemaker.benchmarks.PSLBenchmarks.Peacemaker,avgt,1,10,185.601800,1.936323,ms/op,UpdateDeleteTasks10PercChanges,10,10000
org.eclipse.epsilon.peacemaker.benchmarks.PSLBenchmarks.Peacemaker,avgt,1,10,277.664393,2.660564,ms/op,UpdateDeleteTasks10PercChanges,10,15000
org.eclipse.epsilon.peacemaker.benchmarks.PSLBenchmarks.Peacemaker,avgt,1,10,554.728167,8.833806,ms/op,UpdateDeleteTasks10PercChanges,10,30000
org.eclipse.epsilon.peacemaker.benchmarks.PSLBenchmarks.Peacemaker,avgt,1,10,921.689295,7.959929,ms/op,UpdateDeleteTasks10PercChanges,10,50000
org.eclipse.epsilon.peacemaker.benchmarks.PSLBenchmarks.Peacemaker,avgt,1,10,2490.637317,207.997379,ms/op,UpdateDeleteTasks10PercChanges,10,100000
org.eclipse.epsilon.peacemaker.benchmarks.PSLBenchmarks.Peacemaker,avgt,1,10,3773.212862,134.427935,ms/op,UpdateDeleteTasks10PercChanges,10,150000
org.eclipse.epsilon.peacemaker.benchmarks.PSLBenchmarks.Peacemaker,avgt,1,10,4863.039541,185.274758,ms/op,UpdateDeleteTasks10PercChanges,10,200000
org.eclipse.epsilon.peacemaker.benchmarks.PSLBenchmarks.Peacemaker,avgt,1,10,16.564356,0.223595,ms/op,UpdateDeleteTasks50PercChanges,10,1000
org.eclipse.epsilon.peacemaker.benchmarks.PSLBenchmarks.Peacemaker,avgt,1,10,34.461140,0.624935,ms/op,UpdateDeleteTasks50PercChanges,10,2000
org.eclipse.epsilon.peacemaker.benchmarks.PSLBenchmarks.Peacemaker,avgt,1,10,90.772674,1.292928,ms/op,UpdateDeleteTasks50PercChanges,10,5000
org.eclipse.epsilon.peacemaker.benchmarks.PSLBenchmarks.Peacemaker,avgt,1,10,191.345645,3.736777,ms/op,UpdateDeleteTasks50PercChanges,10,10000
org.eclipse.epsilon.peacemaker.benchmarks.PSLBenchmarks.Peacemaker,avgt,1,10,285.790638,5.470767,ms/op,UpdateDeleteTasks50PercChanges,10,15000
org.eclipse.epsilon.peacemaker.benchmarks.PSLBenchmarks.Peacemaker,avgt,1,10,579.366331,29.442868,ms/op,UpdateDeleteTasks50PercChanges,10,30000
org.eclipse.epsilon.peacemaker.benchmarks.PSLBenchmarks.Peacemaker,avgt,1,10,1033.961475,132.785398,ms/op,UpdateDeleteTasks50PercChanges,10,50000
org.eclipse.epsilon.peacemaker.benchmarks.PSLBenchmarks.Peacemaker,avgt,1,10,2397.069620,321.721408,ms/op,UpdateDeleteTasks50PercChanges,10,100000
org.eclipse.epsilon.peacemaker.benchmarks.PSLBenchmarks.Peacemaker,avgt,1,10,3883.586176,129.145420,ms/op,UpdateDeleteTasks50PercChanges,10,150000
org.eclipse.epsilon.peacemaker.benchmarks.PSLBenchmarks.Peacemaker,avgt,1,10,4985.153687,247.585806,ms/op,UpdateDeleteTasks50PercChanges,10,200000
org.eclipse.epsilon.peacemaker.benchmarks.PSLBenchmarks.Peacemaker,avgt,1,10,16.755248,0.307537,ms/op,UpdateDeleteTasks100PercChanges,10,1000
org.eclipse.epsilon.peacemaker.benchmarks.PSLBenchmarks.Peacemaker,avgt,1,10,34.184172,0.515585,ms/op,UpdateDeleteTasks100PercChanges,10,2000
org.eclipse.epsilon.peacemaker.benchmarks.PSLBenchmarks.Peacemaker,avgt,1,10,92.364141,1.037855,ms/op,UpdateDeleteTasks100PercChanges,10,5000
org.eclipse.epsilon.peacemaker.benchmarks.PSLBenchmarks.Peacemaker,avgt,1,10,189.015137,3.776622,ms/op,UpdateDeleteTasks100PercChanges,10,10000
org.eclipse.epsilon.peacemaker.benchmarks.PSLBenchmarks.Peacemaker,avgt,1,10,279.186329,7.232729,ms/op,UpdateDeleteTasks100PercChanges,10,15000
org.eclipse.epsilon.peacemaker.benchmarks.PSLBenchmarks.Peacemaker,avgt,1,10,574.488564,19.385592,ms/op,UpdateDeleteTasks100PercChanges,10,30000
org.eclipse.epsilon.peacemaker.benchmarks.PSLBenchmarks.Peacemaker,avgt,1,10,1109.147110,127.278318,ms/op,UpdateDeleteTasks100PercChanges,10,50000
org.eclipse.epsilon.peacemaker.benchmarks.PSLBenchmarks.Peacemaker,avgt,1,10,2354.139378,249.494230,ms/op,UpdateDeleteTasks100PercChanges,10,100000
org.eclipse.epsilon.peacemaker.benchmarks.PSLBenchmarks.Peacemaker,avgt,1,10,3915.323791,176.357993,ms/op,UpdateDeleteTasks100PercChanges,10,150000
org.eclipse.epsilon.peacemaker.benchmarks.PSLBenchmarks.Peacemaker,avgt,1,10,4967.005191,227.661312,ms/op,UpdateDeleteTasks100PercChanges,10,200000
org.eclipse.epsilon.peacemaker.benchmarks.PSLBenchmarks.Peacemaker,avgt,1,10,17.467903,0.221182,ms/op,UpdateDeleteTasks10PercConflicts,10,1000
org.eclipse.epsilon.peacemaker.benchmarks.PSLBenchmarks.Peacemaker,avgt,1,10,35.211599,0.704553,ms/op,UpdateDeleteTasks10PercConflicts,10,2000
org.eclipse.epsilon.peacemaker.benchmarks.PSLBenchmarks.Peacemaker,avgt,1,10,91.394372,1.129920,ms/op,UpdateDeleteTasks10PercConflicts,10,5000
org.eclipse.epsilon.peacemaker.benchmarks.PSLBenchmarks.Peacemaker,avgt,1,10,191.169217,4.094994,ms/op,UpdateDeleteTasks10PercConflicts,10,10000
org.eclipse.epsilon.peacemaker.benchmarks.PSLBenchmarks.Peacemaker,avgt,1,10,279.935776,5.284839,ms/op,UpdateDeleteTasks10PercConflicts,10,15000
org.eclipse.epsilon.peacemaker.benchmarks.PSLBenchmarks.Peacemaker,avgt,1,10,606.373475,8.104633,ms/op,UpdateDeleteTasks10PercConflicts,10,30000
org.eclipse.epsilon.peacemaker.benchmarks.PSLBenchmarks.Peacemaker,avgt,1,10,1033.461966,77.723277,ms/op,UpdateDeleteTasks10PercConflicts,10,50000
org.eclipse.epsilon.peacemaker.benchmarks.PSLBenchmarks.Peacemaker,avgt,1,10,2518.026729,296.455955,ms/op,UpdateDeleteTasks10PercConflicts,10,100000
org.eclipse.epsilon.peacemaker.benchmarks.PSLBenchmarks.Peacemaker,avgt,1,10,3968.252130,172.853535,ms/op,UpdateDeleteTasks10PercConflicts,10,150000
org.eclipse.epsilon.peacemaker.benchmarks.PSLBenchmarks.Peacemaker,avgt,1,10,5152.269024,182.110008,ms/op,UpdateDeleteTasks10PercConflicts,10,200000
org.eclipse.epsilon.peacemaker.benchmarks.PSLBenchmarks.Peacemaker,avgt,1,10,18.108386,0.310718,ms/op,UpdateDeleteTasks50PercConflicts,10,1000
org.eclipse.epsilon.peacemaker.benchmarks.PSLBenchmarks.Peacemaker,avgt,1,10,37.681913,0.482523,ms/op,UpdateDeleteTasks50PercConflicts,10,2000
org.eclipse.epsilon.peacemaker.benchmarks.PSLBenchmarks.Peacemaker,avgt,1,10,99.458964,1.339650,ms/op,UpdateDeleteTasks50PercConflicts,10,5000
org.eclipse.epsilon.peacemaker.benchmarks.PSLBenchmarks.Peacemaker,avgt,1,10,206.142051,4.293264,ms/op,UpdateDeleteTasks50PercConflicts,10,10000
org.eclipse.epsilon.peacemaker.benchmarks.PSLBenchmarks.Peacemaker,avgt,1,10,305.543016,3.215493,ms/op,UpdateDeleteTasks50PercConflicts,10,15000
org.eclipse.epsilon.peacemaker.benchmarks.PSLBenchmarks.Peacemaker,avgt,1,10,627.823069,8.215190,ms/op,UpdateDeleteTasks50PercConflicts,10,30000
org.eclipse.epsilon.peacemaker.benchmarks.PSLBenchmarks.Peacemaker,avgt,1,10,1215.114145,137.223066,ms/op,UpdateDeleteTasks50PercConflicts,10,50000
org.eclipse.epsilon.peacemaker.benchmarks.PSLBenchmarks.Peacemaker,avgt,1,10,2662.427745,376.809818,ms/op,UpdateDeleteTasks50PercConflicts,10,100000
org.eclipse.epsilon.peacemaker.benchmarks.PSLBenchmarks.Peacemaker,avgt,1,10,4089.551877,239.475650,ms/op,UpdateDeleteTasks50PercConflicts,10,150000
org.eclipse.epsilon.peacemaker.benchmarks.PSLBenchmarks.Peacemaker,avgt,1,10,5492.058015,223.721833,ms/op,UpdateDeleteTasks50PercConflicts,10,200000
org.eclipse.epsilon.peacemaker.benchmarks.PSLBenchmarks.Peacemaker,avgt,1,10,19.856886,0.343970,ms/op,UpdateDeleteTasks100PercConflicts,10,1000
org.eclipse.epsilon.peacemaker.benchmarks.PSLBenchmarks.Peacemaker,avgt,1,10,40.769292,0.551599,ms/op,UpdateDeleteTasks100PercConflicts,10,2000
org.eclipse.epsilon.peacemaker.benchmarks.PSLBenchmarks.Peacemaker,avgt,1,10,106.571871,1.009176,ms/op,UpdateDeleteTasks100PercConflicts,10,5000
org.eclipse.epsilon.peacemaker.benchmarks.PSLBenchmarks.Peacemaker,avgt,1,10,219.773879,2.300462,ms/op,UpdateDeleteTasks100PercConflicts,10,10000
org.eclipse.epsilon.peacemaker.benchmarks.PSLBenchmarks.Peacemaker,avgt,1,10,322.555291,4.256093,ms/op,UpdateDeleteTasks100PercConflicts,10,15000
org.eclipse.epsilon.peacemaker.benchmarks.PSLBenchmarks.Peacemaker,avgt,1,10,656.694141,5.766680,ms/op,UpdateDeleteTasks100PercConflicts,10,30000
org.eclipse.epsilon.peacemaker.benchmarks.PSLBenchmarks.Peacemaker,avgt,1,10,1138.567967,51.549478,ms/op,UpdateDeleteTasks100PercConflicts,10,50000
org.eclipse.epsilon.peacemaker.benchmarks.PSLBenchmarks.Peacemaker,avgt,1,10,2850.782037,416.575884,ms/op,UpdateDeleteTasks100PercConflicts,10,100000
org.eclipse.epsilon.peacemaker.benchmarks.PSLBenchmarks.Peacemaker,avgt,1,10,4368.796672,450.200032,ms/op,UpdateDeleteTasks100PercConflicts,10,150000
org.eclipse.epsilon.peacemaker.benchmarks.PSLBenchmarks.Peacemaker,avgt,1,10,5906.495397,413.327583,ms/op,UpdateDeleteTasks100PercConflicts,10,200000
org.eclipse.epsilon.peacemaker.benchmarks.PSLBenchmarks.Peacemaker,avgt,1,10,4.329592,0.136385,ms/op,UpdateDeleteBox1,10,1000
org.eclipse.epsilon.peacemaker.benchmarks.PSLBenchmarks.Peacemaker,avgt,1,10,9.212291,0.228869,ms/op,UpdateDeleteBox1,10,2000
org.eclipse.epsilon.peacemaker.benchmarks.PSLBenchmarks.Peacemaker,avgt,1,10,22.842676,0.557308,ms/op,UpdateDeleteBox1,10,5000
org.eclipse.epsilon.peacemaker.benchmarks.PSLBenchmarks.Peacemaker,avgt,1,10,45.535284,0.963101,ms/op,UpdateDeleteBox1,10,10000
org.eclipse.epsilon.peacemaker.benchmarks.PSLBenchmarks.Peacemaker,avgt,1,10,71.733857,0.957498,ms/op,UpdateDeleteBox1,10,15000
org.eclipse.epsilon.peacemaker.benchmarks.PSLBenchmarks.Peacemaker,avgt,1,10,146.289224,2.684713,ms/op,UpdateDeleteBox1,10,30000
org.eclipse.epsilon.peacemaker.benchmarks.PSLBenchmarks.Peacemaker,avgt,1,10,251.204159,7.004027,ms/op,UpdateDeleteBox1,10,50000
org.eclipse.epsilon.peacemaker.benchmarks.PSLBenchmarks.Peacemaker,avgt,1,10,503.709840,9.753145,ms/op,UpdateDeleteBox1,10,100000
org.eclipse.epsilon.peacemaker.benchmarks.PSLBenchmarks.Peacemaker,avgt,1,10,858.458983,79.228302,ms/op,UpdateDeleteBox1,10,150000
org.eclipse.epsilon.peacemaker.benchmarks.PSLBenchmarks.Peacemaker,avgt,1,10,1317.945754,66.912000,ms/op,UpdateDeleteBox1,10,200000
org.eclipse.epsilon.peacemaker.benchmarks.PSLBenchmarks.Peacemaker,avgt,1,10,10.894701,0.342591,ms/op,UpdateDeleteBox10,10,1000
org.eclipse.epsilon.peacemaker.benchmarks.PSLBenchmarks.Peacemaker,avgt,1,10,21.893995,0.256144,ms/op,UpdateDeleteBox10,10,2000
org.eclipse.epsilon.peacemaker.benchmarks.PSLBenchmarks.Peacemaker,avgt,1,10,54.244624,1.486818,ms/op,UpdateDeleteBox10,10,5000
org.eclipse.epsilon.peacemaker.benchmarks.PSLBenchmarks.Peacemaker,avgt,1,10,107.557365,1.119503,ms/op,UpdateDeleteBox10,10,10000
org.eclipse.epsilon.peacemaker.benchmarks.PSLBenchmarks.Peacemaker,avgt,1,10,199.955752,5.264221,ms/op,UpdateDeleteBox10,10,15000
org.eclipse.epsilon.peacemaker.benchmarks.PSLBenchmarks.Peacemaker,avgt,1,10,366.238988,12.039252,ms/op,UpdateDeleteBox10,10,30000
org.eclipse.epsilon.peacemaker.benchmarks.PSLBenchmarks.Peacemaker,avgt,1,10,646.847589,59.157876,ms/op,UpdateDeleteBox10,10,50000
org.eclipse.epsilon.peacemaker.benchmarks.PSLBenchmarks.Peacemaker,avgt,1,10,1369.127672,139.682026,ms/op,UpdateDeleteBox10,10,100000
org.eclipse.epsilon.peacemaker.benchmarks.PSLBenchmarks.Peacemaker,avgt,1,10,2029.112014,144.330109,ms/op,UpdateDeleteBox10,10,150000
org.eclipse.epsilon.peacemaker.benchmarks.PSLBenchmarks.Peacemaker,avgt,1,10,2879.773623,231.983448,ms/op,UpdateDeleteBox10,10,200000
org.eclipse.epsilon.peacemaker.benchmarks.PSLBenchmarks.Peacemaker,avgt,1,10,17.892498,0.403526,ms/op,UpdateDeleteBox20,10,1000
org.eclipse.epsilon.peacemaker.benchmarks.PSLBenchmarks.Peacemaker,avgt,1,10,37.264042,0.525822,ms/op,UpdateDeleteBox20,10,2000
org.eclipse.epsilon.peacemaker.benchmarks.PSLBenchmarks.Peacemaker,avgt,1,10,90.133905,1.496191,ms/op,UpdateDeleteBox20,10,5000
org.eclipse.epsilon.peacemaker.benchmarks.PSLBenchmarks.Peacemaker,avgt,1,10,217.427653,14.425557,ms/op,UpdateDeleteBox20,10,10000
org.eclipse.epsilon.peacemaker.benchmarks.PSLBenchmarks.Peacemaker,avgt,1,10,326.983788,21.663986,ms/op,UpdateDeleteBox20,10,15000
org.eclipse.epsilon.peacemaker.benchmarks.PSLBenchmarks.Peacemaker,avgt,1,10,626.641005,49.509909,ms/op,UpdateDeleteBox20,10,30000
org.eclipse.epsilon.peacemaker.benchmarks.PSLBenchmarks.Peacemaker,avgt,1,10,1078.100389,62.449586,ms/op,UpdateDeleteBox20,10,50000
org.eclipse.epsilon.peacemaker.benchmarks.PSLBenchmarks.Peacemaker,avgt,1,10,2244.811791,257.377393,ms/op,UpdateDeleteBox20,10,100000
org.eclipse.epsilon.peacemaker.benchmarks.PSLBenchmarks.Peacemaker,avgt,1,10,3391.127698,192.327104,ms/op,UpdateDeleteBox20,10,150000
org.eclipse.epsilon.peacemaker.benchmarks.PSLBenchmarks.Peacemaker,avgt,1,10,4837.998479,120.797383,ms/op,UpdateDeleteBox20,10,200000
org.eclipse.epsilon.peacemaker.benchmarks.PSLBenchmarks.ParallelEMFCompare,avgt,1,10,20.278742,0.316185,ms/op,UpdateDeleteTasks,10,1000
org.eclipse.epsilon.peacemaker.benchmarks.PSLBenchmarks.ParallelEMFCompare,avgt,1,10,39.741295,0.577300,ms/op,UpdateDeleteTasks,10,2000
org.eclipse.epsilon.peacemaker.benchmarks.PSLBenchmarks.ParallelEMFCompare,avgt,1,10,107.700251,2.086068,ms/op,UpdateDeleteTasks,10,5000
org.eclipse.epsilon.peacemaker.benchmarks.PSLBenchmarks.ParallelEMFCompare,avgt,1,10,216.493284,4.086740,ms/op,UpdateDeleteTasks,10,10000
org.eclipse.epsilon.peacemaker.benchmarks.PSLBenchmarks.ParallelEMFCompare,avgt,1,10,319.468202,11.466758,ms/op,UpdateDeleteTasks,10,15000
org.eclipse.epsilon.peacemaker.benchmarks.PSLBenchmarks.ParallelEMFCompare,avgt,1,10,815.234142,45.675627,ms/op,UpdateDeleteTasks,10,30000
org.eclipse.epsilon.peacemaker.benchmarks.PSLBenchmarks.ParallelEMFCompare,avgt,1,10,1420.772151,135.788482,ms/op,UpdateDeleteTasks,10,50000
org.eclipse.epsilon.peacemaker.benchmarks.PSLBenchmarks.ParallelEMFCompare,avgt,1,10,3048.058200,204.497880,ms/op,UpdateDeleteTasks,10,100000
org.eclipse.epsilon.peacemaker.benchmarks.PSLBenchmarks.ParallelEMFCompare,avgt,1,10,4630.760302,301.517735,ms/op,UpdateDeleteTasks,10,150000
org.eclipse.epsilon.peacemaker.benchmarks.PSLBenchmarks.ParallelEMFCompare,avgt,1,10,6380.468189,619.627121,ms/op,UpdateDeleteTasks,10,200000
org.eclipse.epsilon.peacemaker.benchmarks.PSLBenchmarks.ParallelEMFDiffMerge,avgt,1,10,22.876388,0.267574,ms/op,UpdateDeleteTasks,10,1000
org.eclipse.epsilon.peacemaker.benchmarks.PSLBenchmarks.ParallelEMFDiffMerge,avgt,1,10,47.723939,0.451216,ms/op,UpdateDeleteTasks,10,2000
org.eclipse.epsilon.peacemaker.benchmarks.PSLBenchmarks.ParallelEMFDiffMerge,avgt,1,10,125.731393,2.668202,ms/op,UpdateDeleteTasks,10,5000
org.eclipse.epsilon.peacemaker.benchmarks.PSLBenchmarks.ParallelEMFDiffMerge,avgt,1,10,252.019431,3.872390,ms/op,UpdateDeleteTasks,10,10000
org.eclipse.epsilon.peacemaker.benchmarks.PSLBenchmarks.ParallelEMFDiffMerge,avgt,1,10,386.488510,7.894843,ms/op,UpdateDeleteTasks,10,15000
org.eclipse.epsilon.peacemaker.benchmarks.PSLBenchmarks.ParallelEMFDiffMerge,avgt,1,10,1004.549663,47.826089,ms/op,UpdateDeleteTasks,10,30000
org.eclipse.epsilon.peacemaker.benchmarks.PSLBenchmarks.ParallelEMFDiffMerge,avgt,1,10,1841.379234,165.036447,ms/op,UpdateDeleteTasks,10,50000
org.eclipse.epsilon.peacemaker.benchmarks.PSLBenchmarks.ParallelEMFDiffMerge,avgt,1,10,4179.727050,323.028594,ms/op,UpdateDeleteTasks,10,100000
org.eclipse.epsilon.peacemaker.benchmarks.PSLBenchmarks.ParallelEMFDiffMerge,avgt,1,10,6685.633892,520.665281,ms/op,UpdateDeleteTasks,10,150000
org.eclipse.epsilon.peacemaker.benchmarks.PSLBenchmarks.ParallelEMFDiffMerge,avgt,1,10,9855.318246,606.420046,ms/op,UpdateDeleteTasks,10,200000